明动软件,13k-20k,经验5-10年 / 本科,"“周末双休,时间稳定,午餐补贴,五险一金”",Java开发工程师,广州·元岗
玩吧,20k-35k,经验3-5年 / 本科,"“七险一金,弹性不打卡,期权激励,季度旅游”",Java开发工程师,广州·元岗
招银网络科技,15k-25k,经验3-5年 / 本科,“不断创新的业务模式，持续升级的技术改造”,Java开发工程师,广州·元岗
拉勾网,15k-30k,经验3-5年 / 本科,“快速发展的业务和足够的技术挑战”,Java工程师,广州·元岗
欢聚时代（YY Inc）,14k-28k,经验3-5年 / 本科,"“核心部门,包餐下午茶,13+奖金,每年旅游”",Java开发工程师,广州·元岗
美团点评,20k-35k,经验3-5年 / 本科,“免费班车”,Java开发工程师,广州·元岗
暴风集团,20k-35k,经验3-5年 / 本科,"“上市公司,七险一金,餐补,核心团队”",java开发工程师,广州·元岗
51信用卡管家,15k-30k,经验3-5年 / 本科,"“技术驱动,全员mac,六险”",java工程师,广州·元岗
畅唐网络,10k-20k,经验3-5年 / 本科,"“五险一金,大数据,团队发展好,年终奖多”",Java开发工程师,广州·元岗
zilliz,15k-30k,经验3-5年 / 本科,"“发展空间大,技术前沿,行业高薪,丰厚福利”",Java开发工程师,广州·元岗
中邮消费,16k-29k,经验3-5年 / 本科,"“互联网金融,敏捷开发,项目奖,挑战性工作”",Java开发工程师,广州·元岗
顶呱呱,7k-14k,经验3-5年 / 大专,"“项目奖金,带薪年假,晋升透明,周末双休”",JAVA工程师,广州·元岗
360,20k-30k,经验3-5年 / 本科,“团队氛围好，技术活跃，领导nice”,JAVA开发工程师,广州·元岗
招商银行信用卡中心,25k-35k,经验1-3年 / 本科,“职位晋升 年终奖 年终旅游 年度体检”,java工程师,广州·元岗
随手科技,15k-30k,经验3-5年 / 本科,"“互联网金融,约三亿用户,平台大,发展好”",Java开发工程师,广州·元岗
明动软件,8k-13k,经验1-3年 / 本科,"“五险一金,员工旅游,定期体检,年终奖”",JAVA开发工程师,广州·元岗
拉勾网,15k-30k,经验3-5年 / 本科,"“技术挑战与,个人成长,空间”",Java开发工程师,广州·元岗
深圳市天天爱科技有限公司,8k-15k,经验1-3年 / 大专,"“行业前10,福利待遇好,晋升空间大,绩效奖金”",Java开发工程师,广州·元岗
帜讯信息,13k-19k,经验3-5年 / 本科,“五险一金，年底双薪，交通补助，节日福利”,java开发工程师,广州·元岗
微盟,15k-30k,经验3-5年 / 本科,“带薪年假10天，弹性工作时间，不打卡”,JAVA,广州·元岗
达西,15k-30k,经验3-5年 / 本科,"“技术挑战大,工作氛围好,弹性工作制,福利待遇优”",JAVA,广州·元岗
阳光产险信保事业部,18k-36k,经验5-10年 / 本科,"“五险一金,绩效奖金,带薪年假,餐补”",JAVA开发工程师,广州·元岗
美团点评,15k-30k,经验3-5年 / 本科,"“技术大牛,福利多多”",java开发工程师,广州·元岗
路客,10k-20k,经验3-5年 / 本科,"“共享民宿,真格基金,技术提升,妹纸单身”",JAVA开发工程师,广州·元岗
极光,15k-30k,经验3-5年 / 本科,“技术型公司、扁平化管理、弹性工作、氛围好”,Java开发工程师,广州·元岗
Face++,20k-40k,经验3-5年 / 本科,“AI独角兽”,Java研发工程师,广州·元岗
贝米钱包,15k-30k,经验不限 / 本科,"“商业保险,年度旅游,带薪年病假,弹性上班制”",JAVA开发工程师,广州·元岗
掌阅,20k-25k,经验3-5年 / 本科,"“六险一金,技术氛围佳,成长空间大”",Java研发工程师,广州·元岗
爱奇艺,20k-35k,经验3-5年 / 本科,“12天带薪年假 福利好 领导好 上升空间大”,Java工程师,广州·元岗
大搜车,10k-20k,经验3-5年 / 本科,"“大平台,发展好”",Java研发工程师,广州·元岗
阳光产险信保事业部,10k-20k,经验1-3年 / 不限,"“五险一金,年终奖金高,背靠阳光,晋升空间大”",JAVA开发工程师,北京·朝外
顺网科技,10k-20k,经验3-5年 / 本科,"“上市公司,发展空间大,团队优秀”",JAVA开发工程师,北京·朝外
微贷网,10k-18k,经验3-5年 / 大专,"“丰厚年终,下午茶零食,扁平管理,技术大牛多”",JAVA工程师,北京·朝外
Gridsum 国双,15k-25k,经验5-10年 / 本科,“大数据上市公司 薪资福利好”,JAVA开发工程师,北京·朝外
Face++,15k-30k,经验5-10年 / 本科,"“前景广阔,技术大牛多,弹性工作”",JAVA开发工程师,北京·朝外
快看漫画,20k-35k,经验1-3年 / 本科,"“免费晚餐,七险一金,平台好,发展空间大”",Java开发工程师,北京·朝外
随手科技,13k-20k,经验3-5年 / 本科,"“3亿用户,大平台,互联网金融,发展好”",JAVA开发工程师,北京·朝外
畅捷通,25k-35k,经验5-10年 / 本科,"“五险一金,免费班车,话补餐补,弹性办公”",Java,北京·朝外
万家医疗,10k-20k,经验3-5年 / 本科,“平安专业子公司，互联网+医疗方向，前景好”,Java工程师,北京·朝外
zilliz,15k-30k,经验3-5年 / 本科,"“丰厚期权,行业高薪,前沿技术,精英团队”",Java工程师,北京·朝外
柠檬科技,8k-12k,经验3-5年 / 本科,“高薪资、优越的地理位置及工作环境”,Java开发工程师,北京·朝外
达达-京东到家,20k-35k,经验3-5年 / 本科,"“风口平台,技术驱动,系统重构”",Java工程师,北京·朝外
广东亿迅,7k-10k,经验1-3年 / 本科,"“千万级用户,大数据平台”",JAVA开发工程师,北京·朝外
美菜网,15k-25k,经验3-5年 / 本科,“晋升空间 团队氛围活跃 福利优厚”,Java开发工程师,北京·朝外
Mobvista,20k-30k,经验3-5年 / 本科,"“技术氛围,大牛指导,近地铁,绩效奖金”",Java开发工程师,北京·朝外
Face++,20k-40k,经验3-5年 / 本科,"“空间大,大牛多,AI+安防”",Java开发工程师,北京·海淀区
阳光产险信保事业部,15k-30k,经验3-5年 / 本科,"“弹性工作,扁平管理,福利好,发展空间”",Java开发工程师,北京·海淀区
百世物流,8k-15k,经验1-3年 / 本科,“五险一金 弹性工作 办公环境好 同事nice”,Java工程师,北京·海淀区
招银网络科技,15k-20k,经验1-3年 / 本科,"“五险一金,年终奖,房贷补贴,员工体检”",Java开发工程师,北京·海淀区
商汤科技,15k-30k,经验3-5年 / 本科,"“AI独角兽,前景广阔,福利齐全,技术领先”",Java,北京·海淀区
zilliz,15k-30k,经验3-5年 / 本科,"“丰厚期权,行业高薪,前沿技术,精英团队”",Java工程师,北京·海淀区
光大云付,10k-20k,经验不限 / 本科,"“薪酬丰厚,技术培养,扁平化”",Java开发工程师,北京·海淀区
腾讯,15k-30k,经验5-10年 / 本科,“福利”,java开发工程师,北京·海淀区
达达-京东到家,20k-35k,经验5-10年 / 本科,“京东到家、O2O电商、极客文化”,Java工程师,北京·海淀区
欢聚时代（YY Inc）,10k-20k,经验3-5年 / 本科,"“一线互联网,平台大,机会多”",Java开发工程师,北京·海淀区
鸿特普惠,8k-16k,经验3-5年 / 本科,"“发展空间大,五险一金,带薪年假,年终奖”",JAVA研发工程师,北京·海淀区
阳光E购,20k-30k,经验5-10年 / 本科,"“B2B,互联网+,无需融资,发展潜力大”",Java,北京·海淀区
必要商城,15k-25k,经验3-5年 / 本科,“成就你的精彩”,Java开发工程师,北京·海淀区
大搜车,11k-20k,经验3-5年 / 本科,"“大平台,发展好”",Java研发工程师,北京·海淀区
屈臣氏,6k-10k,经验不限 / 不限,"“技术新,平台大,福利全,年终奖”",Java开发工程师,北京·海淀区
zilliz,15k-30k,经验3-5年 / 本科,"“丰厚期权,行业高薪,前沿技术,精英团队”",Java开发工程师,上海·徐家汇
鸿特普惠,9k-18k,经验3-5年 / 大专,"“双休,五险一金,年终奖,带薪年假”",java研发工程师,上海·徐家汇
京东商城,20k-35k,经验3-5年 / 本科,"“薪资福利,工作环境,成长空间,团队活力”",java开发工程师,上海·徐家汇
大搜车,10k-20k,经验3-5年 / 本科,"“大平台,发展好”",Java研发工程师,上海·徐家汇
顺网科技,10k-20k,经验3-5年 / 大专,"“上市公司,技术实力强,发展空间大,薪酬福利好”",JAVA开发工程师,上海·徐家汇
BBD,15k-25k,经验1-3年 / 本科,"“大牛团队,成长空间,福利津贴”",Java开发工程师,上海·徐家汇
阳光E购,15k-25k,经验3-5年 / 本科,"“B2B,互联网+,大平台”",Java,上海·徐家汇
美团点评,25k-45k,经验3-5年 / 本科,"“无人驾驶,技术大牛”",Java开发（无人车）,上海·徐家汇
中化能源科技有限公司,20k-40k,经验3-5年 / 大专,"“五险一金,通讯补助,年终奖金,工作午餐”",Java开发工程师,上海·徐家汇
暴风集团,18k-30k,经验1-3年 / 本科,"“免费水果,弹性时间,上市公司,地铁周边”",JAVA资深工程师,上海·徐家汇
51信用卡管家,20k-35k,经验3-5年 / 本科,"“16薪起,六险一金,弹性工作,全员mac”",资深Java工程师,上海·徐家汇
易宝支付,15k-18k,经验3-5年 / 本科,"“六险一金,弹性工作,年底奖金,晋升空间”",Java研发工程师,上海·徐家汇
INK 银客集团,10k-20k,经验3-5年 / 大专,"“七险一金,工作餐,下午茶,节日礼包”",java开发工程师,上海·徐家汇
美的集团IT,15k-25k,经验3-5年 / 本科,“超长带薪福利假期、年底多薪、年度旅游”,JAVA工程师,上海·徐家汇
ZOOM,12k-20k,经验3-5年 / 本科,"“薪水福利好,技术挑战高,发展空间大,原始股权”",高级Java工程师,上海·徐家汇
武汉佰钧成技术有限公司,18k-30k,经验5-10年 / 大专,"“五险一金,五天八小时,优厚奖金,项目外包”",Java开发工程师,深圳·观澜
博悦科创,9k-18k,经验3-5年 / 大专,“发展好 加班少 待遇好 福利好 年终奖”,Java开发工程师,深圳·观澜
恒天软件,8k-16k,经验1-3年 / 本科,“六险一金培训学习带薪年假年终奖金”,Java开发工程师,深圳·观澜
上海畅采,15k-20k,经验3-5年 / 本科,"“环境好,待遇好,老板好”",Java开发工程师,深圳·观澜
欧电云,10k-15k,经验1-3年 / 本科,“弹性工作，优秀团队”,Java,深圳·观澜
艾融股份,10k-15k,经验3-5年 / 本科,“地铁出口 饭贴 电脑补贴”,Java,深圳·观澜
泰商服,12k-20k,经验3-5年 / 本科,"“年轻团队,绩效奖金,年假旅行,补贴多”",Java,深圳·观澜
点我达,18k-36k,经验3-5年 / 不限,“阿里系投资D轮、全额公积金、年均15薪起”,Java开发（工具组）,深圳·观澜
观远数据,14k-28k,经验3-5年 / 本科,"“最前沿技术,牛逼团队,广阔空间,成长回报”",java开发工程师,深圳·观澜
紫川软件,10k-15k,经验3-5年 / 大专,“五险一金 员工旅游 员工体检”,JAVA开发工程师,深圳·观澜
帆软软件,9k以上,经验不限 / 本科,“五险一金、带薪年假、年度旅游、健康体检”,Java,深圳·观澜
东方国信,12k-24k,经验3-5年 / 本科,“饭补、房补（或选择住宿），有班车”,JAVA开发,深圳·观澜
通力互联,10k-15k,经验3-5年 / 不限,“大数据项目，工作稳定，五险一金，节日福利”,java工程师,深圳·观澜
泛微,15k-25k,经验3-5年 / 本科,"“包三餐,五险一金,绩效奖金,做五休二”",Java开发工程师,深圳·观澜
上海中软华腾软件系统有限公司,8k-15k,经验3-5年 / 本科,“公积金全额，商业保险，定期体检，年终奖”,Java开发,深圳·观澜
小年糕,15k-28k,经验1-3年 / 本科,"“扁平管理,公司氛围好”",C++研发工程师,北京·学院路
畅唐网络,12k-24k,经验3-5年 / 本科,"“15薪以上,团队氛围好,全额公积金,培训完善”",C++工程师,北京·学院路
欢乐逛,8k-16k,经验1-3年 / 本科,"“福利多多,六险一金,腾讯团队,大牛多多”",C++开发工程师,北京·学院路
zilliz,25k-50k,经验3-5年 / 本科,"“发展空间大,精英团队,丰厚福利,弹性工作”",C++开发工程师,北京·学院路
ZOOM,13k-25k,经验1-3年 / 本科,"“五险一金,国外工作,弹性工作,股票期权”",C++软件工程师,北京·学院路
Mobvista,20k-30k,经验1-3年 / 本科,"“技术氛围,大牛指导,绩效奖金,优质三餐”",C++,北京·学院路
招银网络科技,15k-25k,经验3-5年 / 本科,“不断创新的业务模式，持续升级的技术改造”,C++开发工程师,北京·学院路
京东商城,25k-45k,经验3-5年 / 本科,"“大平台,技术大牛,弹性工作,餐补”",C++,北京·学院路
顺网科技,15k-25k,经验3-5年 / 本科,"“上市公司,技术实力强,工作氛围好,发展空间大”",C++开发工程师,北京·学院路
一起作业网,20k-40k,经验1-3年 / 本科,"“发展快,平台大,薪酬高”",C++研发工程师,北京·学院路
亲宝宝,8k-15k,经验1-3年 / 本科,"“B轮机会,扁平管理,免费体检,餐补”",C++开发工程师,北京·学院路
商汤科技,15k-30k,经验3-5年 / 本科,"“AI独角兽,前景广阔,福利齐全,技术领先”",C++,北京·学院路
tap4fun,15k-30k,经验不限 / 本科,“六险一金”,C++开发工程师,北京·学院路
平安证券,15k-30k,经验3-5年 / 本科,"“激励丰富,氛围和谐,国际化团队,培训机会”",C++软件开发工程师,北京·学院路
欢聚时代（YY Inc）,15k-30k,经验3-5年 / 本科,"“直播,大平台,互联网,专业度高”",C++开发工程师,北京·学院路
畅唐网络,10k-20k,经验1-3年 / 本科,"“15薪以上,团队氛围好,全额公积金”",C++开发工程师,杭州·西兴
zilliz,25k-50k,经验3-5年 / 本科,"“丰厚期权,行业高薪,前沿技术,精英团队”",C++开发工程师,杭州·西兴
京东商城,15k-30k,经验3-5年 / 本科,"“发展好,平台大,待遇好,机会多”",C++开发工程师,杭州·西兴
商汤科技,20k-35k,经验3-5年 / 本科,"“技术大牛,环境好,晋升空间大,奋斗团队”",C++开发工程师,杭州·西兴
顺网科技,10k-15k,经验1-3年 / 本科,"“上市公司,技术实力强,发展空间大,薪酬福利好”",C++开发工程师,杭州·西兴
北京博视智动,13k-25k,经验不限 / 本科,"“工作居住证,年终奖,补充医疗保,行业发展好”",C++软件工程师,杭州·西兴
极光,15k-25k,经验3-5年 / 本科,"“五险一金,年终奖金,弹性工作,技术氛围好”",后台 C/C++ 软件研发工程师,杭州·西兴
搜狗,20k-40k,经验5-10年 / 本科,“公司级战略重点项目，核心部门”,图片搜索-C++开发工程师-,杭州·西兴
美团点评,40k-55k,经验3-5年 / 本科,"“高薪待遇,期权激励”",高级C++研发工程师,杭州·西兴
链家,15k-30k,经验3-5年 / 本科,“领先技术 卓越平台 优秀团队 专业培训”,C++研发工程师,杭州·西兴
武汉佰钧成技术有限公司,7k-14k,经验1-3年 / 本科,“运营商”,C++开发,杭州·西兴
爱奇艺,20k-30k,经验5-10年 / 本科,“发展前景好、团队氛围好”,C++开发工程师,杭州·西兴
欢聚时代（YY Inc）,15k-30k,经验不限 / 不限,"“平台大,机会多,春季专场”",2018春季社招-C++开发工程师,杭州·西兴
佳讯飞鸿,10k-20k,经验3-5年 / 本科,"“七险一金,餐补,年终奖,带薪年假”",C++开发工程师,杭州·西兴
坤亿科技,14K-18K,经验3-5年 / 本科,“五险一金 一年13薪 弹性工作 不加班”,C++开发工程师,杭州·西兴
zilliz,25k-50k,经验3-5年 / 本科,"“丰厚期权,行业高薪,前沿技术,精英团队”",C++开发工程师,上海·徐汇区
商汤科技,18k-36k,经验1-3年 / 本科,"“AI独角兽,公司前景”",C++研发工程师  ,上海·徐汇区
顺网科技,15k-30k,经验3-5年 / 大专,"“上市公司,重点项目,五险一金,双休”",C++开发工程师（云无盘）,上海·徐汇区
京东商城,15k-30k,经验3-5年 / 本科,“年底双薪 免费班车 弹性工作 午餐补助”,C++开发工程师,上海·徐汇区
畅唐网络,10k-20k,经验1-3年 / 本科,"“15薪以上,队氛围好,全额公积金”",C++开发工程师,上海·徐汇区
搜狗,15k-30k,经验1-3年 / 本科,“充满无限的挑战与机遇”,应用搜索-C++开发工程师,上海·徐汇区
美团点评,35k-45k,经验3-5年 / 本科,"“五险一金,期权绩效,免费班车”",高级C++研发工程师,上海·徐汇区
Face++,18k-35k,经验3-5年 / 本科,"“黑科技,极客团队”",C++开发工程师（深圳）,上海·徐汇区
东信北邮,3k-6k,经验不限 / 本科,"“福利多,假期多,弹性工作制,五险一金”",C++研发工程师,上海·徐汇区
红杉树,8k-12k,经验1-3年 / 大专,"“扁平化管理,牛人领导”",C++开发工程师,上海·徐汇区
小狗机器人,10k-20k,经验1-3年 / 本科,"“弹性时间,资金充足”",C++工程师,上海·徐汇区
链钱集团,10k-15k,经验1-3年 / 本科,"“团队精神,学习能力”",C++,上海·徐汇区
晶泰科技,16k-25k,经验3-5年 / 本科,"“成长空间大,大牛多,弹性工作”",高级 C++ 软件开发工程师,上海·徐汇区
捷通华声,15k-25k,经验1-3年 / 本科,“五险一金、绩效工资、项目奖金、半年调薪”,C++开发工程师,上海·徐汇区
ZOOM,12k-24k,经验1-3年 / 本科,"“薪水福利好,技术挑战高,发展空间大,原始股权”",高级C++开发工程师,上海·徐汇区
zilliz,25k-50k,经验3-5年 / 本科,"“丰厚福利,技术前沿,精英团队,行业高薪”",C++开发工程师,杭州·仓前
京东商城,20k-40k,经验3-5年 / 本科,"“平台大,发展好”",C++开发工程师,杭州·仓前
搜狗,15k-30k,经验3-5年 / 本科,“优秀团队，核心技术能力，技术氛围浓厚”,搜狗浏览器-C++开发工程师,杭州·仓前
美团点评,30k-45k,经验3-5年 / 本科,"“期权,商险,年假”",资深C++研发工程师,杭州·仓前
商汤科技,20k-40k,经验3-5年 / 本科,"“人工智能,福利好,技术大牛多,弹性工作”",高级C++开发工程师,杭州·仓前
亲宝宝,8k-15k,经验1-3年 / 本科,"“B轮机会,扁平管理,年底多薪,免费体检”",C++开发工程师（初级）,杭州·仓前
孩子王,13k-26k,经验3-5年 / 本科,“互联网氛围浓厚”,C++,杭州·仓前
ZOOM,12k-24k,经验3-5年 / 本科,"“薪酬福利好,技术挑战高,原始股权,发展空间大”",高级C++开发工程师,杭州·仓前
一起作业网,25k-35k,经验3-5年 / 本科,"“发展快,平台大”",C++客户端研发工程师,杭州·仓前
高奈特,15k-20k,经验3-5年 / 本科,"“制度完善,上升空间大,待遇福利好,培训发展多”",C++开发工程师,杭州·仓前
360,18k-35k,经验3-5年 / 本科,“平台大、发展好，业务发展迅速”,服务端开发工程师-C/C++,杭州·仓前
深信服科技集团,12k-24k,经验1-3年 / 本科,"“超多福利,扁平化管理,朝阳行业,晋升快”",Linux C/C++开发工程师,杭州·仓前
唯品会,20k-40k,经验5-10年 / 本科,"“核心团队,弹性工作时”",C++高级开发工程师,杭州·仓前
泛微,13k-20k,经验1-3年 / 本科,"“上市公司,免费三餐,健身房,员工旅游”",C++,杭州·仓前
极光,15k-30k,经验3-5年 / 本科,“14薪、弹性工作、扁平管理、工作餐、下午茶”,高级C++开发工程师,杭州·仓前
武汉佰钧成技术有限公司,6k-12k,经验1-3年 / 本科,"“五险一金,弹性工时,年度体检”",C++开发,武汉·江夏区
瑞为智能,10k-16k,经验1-3年 / 本科,"“绩效奖金,六险一金,年终奖,年度体检”",C++开发工程师,武汉·江夏区
电竞虎,10k-18k,经验1-3年 / 大专,"“扁平化管理,帅哥美女多,每周下午茶,弹性工作制”",C++开发工程师,武汉·江夏区
有利网,15k-30k,经验3-5年 / 本科,"“五险一金,团队友好”",高级C++开发工程师,武汉·江夏区
游族网络,18k-25k,经验3-5年 / 不限,“福利好、待遇好、上市游戏公司”,资深C++开发工程师,武汉·江夏区
安恒信息,10k-20k,经验3-5年 / 本科,"“五险一金,带薪年假,节假日福利,国内外旅游”",C++,武汉·江夏区
金证股份,7k-12k,经验1年以下 / 本科,“证券金融”,2017/2018毕业生-C++开发工程师,武汉·江夏区
竞技世界（杭州）网络技术有限公司,15k-25k,经验3-5年 / 本科,"“六险一金,福利好,公司旅游,免费体检”",C++软件工程师,武汉·江夏区
通力互联,7k-14k,经验1-3年 / 本科,“发展空间大 管理规范 福利齐全”,C++工程师,武汉·江夏区
AbleCloud,25k-40k,经验3-5年 / 本科,“IoT云计算业界最优秀技术团队”,c++/go 后端研发工程师,武汉·江夏区
柏视医疗,15k-25k,经验3-5年 / 本科,"“人工智能,技术大牛,扁平管理,高成长”",C++开发工程师,武汉·江夏区
清研讯科,15k-25k,经验1-3年 / 本科,"“股票期权,名校团队,各种福利”",C++软件工程师,武汉·江夏区
博奥特科技,8k-15k,经验1-3年 / 本科,"“晋升空间大,金融项目,办公环境好”",C++开发工程师,武汉·江夏区
联通时科,15k-25k,经验1-3年 / 本科,“五险一金、商业保险、企业年金”,高级Linux C/C++工程师,武汉·江夏区
北京来为科技股份有限公司,10K-20K,经验1-3年 / 本科,“外企工作模式 弹性工作 氛围好 下午茶”,C++工程师,武汉·江夏区
武汉佰钧成技术有限公司,9k-18k,经验1-3年 / 本科,"“带薪年假,六险一金,不加班,弹性上下班”",初级C++开发工程师,上海·新华路
湖北卡游科技有限公司,10k-18k,经验3-5年 / 大专,“游戏开发”,C++开发工程师,上海·新华路
茵润网络科技,25k-35k,经验3-5年 / 大专,"“福利待遇好,高薪酬”",C++开发工程师,上海·新华路
大川,10k-20k,经验1-3年 / 大专,“五险一金、年终分红、地铁周边、包吃”,C++开发工程师,上海·新华路
百度,20k-40k,经验3-5年 / 本科,"“薪水高,平台广,机会多”",C++开发工程师,上海·新华路
好未来,20k-40k,经验3-5年 / 本科,“上市公司 leader nice”,C++工程师,上海·新华路
信联科汇,10k-20k,经验3-5年 / 本科,"“研究开发,锻炼能力”",Linux C/C++开发工程师,上海·新华路
万通顺达,10k-18k,经验3-5年 / 本科,"“待遇好,环境好,团队年轻”",C++工程师,上海·新华路
竞技世界,25k-40k,经验5-10年 / 本科,"“带薪年假,年终奖,交通补助”",C++服务开发工程师,上海·新华路
腾展叮咚（Dingtone）,12k-24k,经验1-3年 / 本科,"“五险一金,节日福利,股票期权,上市公司”",linus C++开发,上海·新华路
微创,9k-11k,经验1-3年 / 本科,"“稳外企环境,六险一金,带薪年病假,可长期发展”",微软TTS项目-C++开发工程师,上海·新华路
数美,20k-40k,经验1-3年 / 本科,"“大牛如云,技术氛围,大佬领投,股份期权”",linux C／C++研发工程师,上海·新华路
爱奇艺,17k-25k,经验3-5年 / 本科,“职业发展平台”,C++多媒体开发工程师,上海·新华路
瞬联软件科技（北京）有限公司,15k-20k,经验不限 / 本科,“五险一金、弹性工作制、带薪年假、内部培训”,C++开发,上海·新华路
科大讯飞,10k-20k,经验1-3年 / 本科,“五险一金、免费班车、员工旅游、餐补”,C++开发工程师,上海·新华路
武汉佰钧成技术有限公司,10k-20k,经验1-3年 / 本科,"“双休不加班,带薪年假,节假日福利,六险一金”",C++软件工程师,上海·长宁区
好未来,20k-35k,经验3-5年 / 本科,“扁平管理 弹性工作 免费假期”,C++高级开发工程师,上海·长宁区
游族网络,10k-20k,经验1-3年 / 本科,“项目好”,（高级）C++开发工程师,上海·长宁区
钱方好近,25k-35k,经验3-5年 / 大专,“各种福利，年终奖，绩效奖金，团队氛围好”,c++开发工程师,上海·长宁区
慧聪网,15k-20k,经验1-3年 / 本科,“互联网”,C++工程师,上海·长宁区
谛听,8k-16k,经验3-5年 / 本科,"“上市公司,期权分红,员工股票,全新平台”",C++研发工程师,上海·长宁区
千行集团,10k-15k,经验3-5年 / 本科,"“五险一金,周末双休,带薪年假,餐补话补”",c++开发工程师,上海·长宁区
闲徕互娱,15k-30k,经验3-5年 / 本科,"“大牛云集,绩效奖金,健身零食”",C++,上海·长宁区
妙计旅行,10k-20k,经验1-3年 / 本科,"“自助三餐,超牛导师,工作环境好”",C++开发工程师,上海·长宁区
百川通联,10k-15k,经验1-3年 / 本科,“五险一金+年终奖+公司期权”,C++,上海·长宁区
网思科平,25k-30k,经验5-10年 / 本科,"“五险一金,带薪年假,节日礼金,餐补”",高级 linux C/C++ 研发工程师,上海·长宁区
深网视界,18k-30k,经验5-10年 / 本科,"“高级开发,资深C++,Linux,GPU”",C++高级开发工程师,上海·长宁区
七鼎娱乐,15k-30k,经验3-5年 / 本科,"“双休,项目奖金”",C++软件开发工程师,上海·长宁区
X-MEN,10k-20k,经验3-5年 / 本科,"“五险一金,年终奖,活动多,平台大”",C++高级开发工程师,上海·长宁区
Udesk－企业级智能客服平台,20k-35k,经验5-10年 / 本科,"“技术牛,晋升机会多,扁平管理,常规福利”",高级C++工程师,上海·长宁区
掌阅,15k-25k,经验3-5年 / 本科,"“管理扁平化,薪资福利佳,地铁沿线”",PHP研发工程师,北京·四惠
小肚皮App,10k-20k,经验1-3年 / 本科,“逗逼氛围、五险一金、年度旅游、餐补”,PHP,北京·四惠
随手科技,10k-20k,经验3-5年 / 本科,"“互联网金融,平台大,发展好,3亿用户”",PHP开发工程师,北京·四惠
欢乐逛,8k-16k,经验不限 / 不限,“薪资不封顶，不设限”,PHP开发工程师,北京·四惠
明源云,16K-22K,经验3-5年 / 本科,"“上市公司,平台大,发展快,福利多”",PHP开发工程师,北京·四惠
婚礼纪,15k-25k,经验3-5年 / 本科,“大平台 学习快 成长空间大 项目多”,PHP,北京·四惠
作业帮,15k-30k,经验3-5年 / 本科,“好平台+高薪酬+优厚福利”,PHP工程师,北京·四惠
一下科技,15k-30k,经验3-5年 / 本科,“美女如云 超 nice的团队”,PHP工程师,北京·四惠
小年糕,20k-35k,经验5-10年 / 本科,"“弹性时间,牛人多,下午茶,年假多”",PHP,北京·四惠
九吨科技,5k-10k,经验1-3年 / 大专,“季度奖金、股权激励、带薪年假、员工旅游”,PHP,北京·四惠
360,18k-36k,经验3-5年 / 本科,“平台大、发展好，业务发展迅速”,PHP开发工程师,北京·四惠
顺丰科技有限公司,15k-30k,经验1-3年 / 不限,"“团队BAT,导师资深”",PHP研发工程师,北京·四惠
途虎养车网,15k-25k,经验3-5年 / 本科,"“扁平管理,弹性工作,团队氛围好”",PHP开发工程师,北京·四惠
伊的家,12k-24k,经验1-3年 / 大专,“福利待遇好，氛围极好，成长型，出差北美”,PHP开发工程师,北京·四惠
腾讯,15k-30k,经验3-5年 / 本科,“腾讯大平台”,PHP工程师,北京·四惠
一下科技,18k-36k,经验3-5年 / 本科,“e轮融资5亿美金”,PHP开发工程师,上海·漕河泾
小年糕,8k-15k,经验1-3年 / 本科,"“发展空间大,公司氛围好”",php开发工程师,上海·漕河泾
恒大珠三角公司,20k-40k,经验3-5年 / 本科,“大平台 高手如云 物联网方向”,PHP开发,上海·漕河泾
贝米钱包,15k-30k,经验3-5年 / 本科,"“商业保险,年度旅游,带薪年病假,弹性上班制”",PHP开发工程师,上海·漕河泾
360,25k-50k,经验3-5年 / 本科,“公司平台大、福利好、有班车、有食堂”,PHP开发工程师,上海·漕河泾
小肚皮App,5k-10k,经验1年以下 / 本科,"“五险一金,逗逼氛围,餐补,美女如云”",初级JAVA/PHP开发,上海·漕河泾
平安产险,15k-25k,经验3-5年 / 本科,"“世界五百强,公司规模大,周末双休”",php开发工程师(外包),上海·漕河泾
腾讯,20k-40k,经验1-3年 / 本科,"“周末双休,健身房,班车,职业成长”",PHP开发工程师,上海·漕河泾
随手科技,18k-30k,经验5-10年 / 本科,"“互联网金融,平台大,发展好,3亿用户”",高级PHP开发工程师,上海·漕河泾
美菜网,23k-36k,经验1-3年 / 本科,“福利待遇优厚 晋升空间好”,PHP开发工程师,上海·漕河泾
九吨科技,10k-20k,经验1-3年 / 本科,"“餐饮补贴,旅游,五险一金,体检”",php工程师,上海·漕河泾
明源云,18k-30k,经验5-10年 / 本科,“技术创新团队，牛人多，合伙人激励机制”,技术合伙人(PHP),上海·漕河泾
会小二网,15k-30k,经验3-5年 / 本科,“行业领先；顶级VC；精英团队；股票期权”,高级PHP工程师,上海·漕河泾
作业盒子,15k-30k,经验1-3年 / 本科,"“五险一金,年度旅游,年终多薪,餐补交通补”",PHP开发工程师,上海·漕河泾
AGMTrade聚米投投,9k-18k,经验3-5年 / 大专,"“发展空间大,团队氛围佳,团队成长快”",PHP开发工程师,上海·漕河泾
乐惠,15k-30k,经验3-5年 / 本科,"“弹性工作,团队氛围好,技术过硬,福利待遇佳”",PHP高级研发,北京·学院路
360,20k-30k,经验3-5年 / 本科,“大平台，核心业务”,服务端开发（PHP）,北京·学院路
夸克链,15k-25k,经验3-5年 / 本科,"“高薪,福利优越,奖金丰厚,国际团队”",PHP开发工程师,北京·学院路
昊翼信息,4k-8k,经验1-3年 / 大专,"“朝十晚六,带薪年假,节假福利,员工旅游”",PHP开发,北京·学院路
顺网科技,10k-20k,经验1-3年 / 本科,"“带薪年假,午餐补助,五险一金,节日福利”",PHP开发工程师（直播业务）,北京·学院路
合易网络,18k-30k,经验3-5年 / 不限,"“给你想要的,扁平管理”",PHP程序员,北京·学院路
人人行(借贷宝),25k-50k,经验3-5年 / 本科,“技术大牛 扁平管理 氛围轻松 待遇好”,PHP开发,北京·学院路
九春教育,8k-12k,经验3-5年 / 大专,"“福利多,晋升快,环境好”",中级PHP工程师,北京·学院路
趣头条,15k-30k,经验3-5年 / 本科,“发展空间”,PHP开发工程师,北京·学院路
深瞐科技,7k-14k,经验1-3年 / 本科,“五险一金，带薪年假，餐补话补交补”,PHP开发工程师,北京·学院路
悄悄科技,10k-15k,经验3-5年 / 大专,"“工资高,福利好,美女如云,有发展”",PHP开发工程师,北京·学院路
川谷科技,10k-15k,经验3-5年 / 大专,"“免费下午茶,餐补,补充医疗”",PHP工程师,北京·学院路
车满满,10k-18k,经验3-5年 / 本科,"“六险一金,发展空间大”",高级PHP开发工程师,北京·学院路
小树科技,8k-15k,经验不限 / 大专,"“平台优,团队强,福利多,弹性工作”",PHP开发工程师,北京·学院路
广东道一,9k-15k,经验3-5年 / 大专,"“五险一金,节日福利,项目奖励,环境优美”",（高薪诚聘）PHP软件工程师,北京·学院路
车满满,10k-18k,经验3-5年 / 本科,"“六险一金,绩效奖金,发展空间大”",高级PHP开发工程师,济南·高新区
无忧帮帮,8k-15k,经验1-3年 / 大专,"“五险一金,双休,期权,年终奖”",PHP程序员,济南·高新区
上海提捺信息科技有限公司,15k-25k,经验3-5年 / 大专,"“出国机会,带薪年假,餐房补贴,年终奖金”",PHP开发工程师,济南·高新区
斗鱼直播,13k-20k,经验3-5年 / 本科,"“大牛多,福利好”",高级PHP开发工程师,济南·高新区
忆享科技,8k-15k,经验1-3年 / 大专,"“五险一金,餐补,带薪年假,节日福利”",php工程师,济南·高新区
祺曜互娱,8k-15k,经验3-5年 / 不限,“五险一金，绩效奖金，节日福利，带薪年假”,PHP工程师,济南·高新区
有利网,12k-24k,经验3-5年 / 本科,"“五险一金,地铁周边,团队友好”",PHP,济南·高新区
信达悦和,10k-20k,经验1-3年 / 本科,"“薪资福利优,机遇挑战多,发展空间大”",PHP开发工程师,济南·高新区
省钱快报,15k-30k,经验1-3年 / 本科,“百万 DAU、氛围轻松、项目奖金”,PHP 工程师,济南·高新区
福建日报新媒体,7k-12k,经验3-5年 / 本科,"“技术开发,程序”",PHP研发工程师,济南·高新区
易到,13k-20k,经验3-5年 / 本科,“六险一金 打车补贴 节日福利 美女如云”,PHP开发工程师,济南·高新区
广州玖维信息科技有限公司,3k-5k,经验1年以下 / 大专,"“周末双休,五险一金,节日福利,房补餐补”",PHP软件开发工程师,济南·高新区
华阅文化,15k-25k,经验3-5年 / 本科,"“五险一金,奇虎360,弹性工作制,旅游”",PHP开发工程师,济南·高新区
边锋,6k-10k,经验1-3年 / 本科,"“六险一金,全面的福利”",PHP开发,济南·高新区
潮世界传媒,10k-20k,经验3-5年 / 大专,"“工作餐,节日福利,扁平化管理,交通便利”",PHP开发工程师,济南·高新区
上海提捺信息科技有限公司,15k-25k,经验3-5年 / 大专,"“带薪年假,餐房补贴,年终奖励,出国机会”",PHP开发工程师,深圳·西乡
弧光之源,10k-20k,经验3-5年 / 本科,"“五险,绩效奖金,年终奖金”",PHP开发,深圳·西乡
喜儿软件,10k-20k,经验3-5年 / 本科,"“互联网金融,发展快,福利多”",PHP开发工程师,深圳·西乡
马蜂窝,15k-30k,经验3-5年 / 本科,“追求完美的解决方案，追求技术能力的更深历”,高级/资深PHP开发工程师（目的地）,深圳·西乡
省钱快报,15k-30k,经验1-3年 / 本科,“百万 DAU、氛围轻松、项目奖金”,PHP,深圳·西乡
长沙微领地网络科技有限公司,8k-15k,经验3-5年 / 大专,"“五险,年终奖,员工旅游,带薪年假”",PHP研发工程师,深圳·西乡
卖座网,10k-20k,经验3-5年 / 本科,“福利待遇、发展前景”,PHP工程师,深圳·西乡
ZAKER,10k-15k,经验1-3年 / 本科,“福利待遇好，发展前景广”,PHP开发工程师,深圳·西乡
亿栗科技,13k-26k,经验1-3年 / 本科,"“奖金丰厚,发展空间大,回报丰厚,工作弹性”",PHP研发工程师,深圳·西乡
货拉拉手机打车软件,15k-20k,经验3-5年 / 大专,"“团队激情,老板NIC,弹性工作制”",PHP工程师,深圳·西乡
北京融通天下,15k-20k,经验3-5年 / 本科,"“有优秀团队,年底双薪,点心水果,五险一金”",PHP开发工程师,深圳·西乡
聪盛网络,15k-25k,经验3-5年 / 不限,"“工作氛围好,福利多,包早晚饭,年轻化”",PHP开发工程师,深圳·西乡
极客邦科技,15k-25k,经验5-10年 / 本科,"“大牛团队,产品驱动,免费参加,技术峰会”",资深PHP开发工程师,深圳·西乡
一米好地,15k-25k,经验3-5年 / 本科,"“弹性时间,15天带薪,年度旅游,旅游基金”",PHP开发工程师,深圳·西乡
亿乐谷,10k-15k,经验3-5年 / 大专,"“环境优美,五险一金,带薪年假,职位晋升”",PHP开发工程师,深圳·西乡
广东道一,9k-18k,经验3-5年 / 大专,"“节日福利,项目奖励,五险一金”",PHP工程师（高薪诚聘）,广州·员村
乐天创研,13k-25k,经验3-5年 / 本科,"“出国培训,股票期权,补充医疗,不加班”",PHP开发工程师,广州·员村
斗鱼直播,10k-20k,经验3-5年 / 不限,"“18薪,六险一金,双休,零食水果”",PHP资深开发工程师,广州·员村
趣头条,15k-30k,经验3-5年 / 本科,"“平均16薪,福利待遇好,大牛团队,发展空间大”",PHP开发,广州·员村
VMAXX,7k-9k,经验3-5年 / 本科,"“硅谷资源,精英团队,深度学习,人工智能”",PHP工程师,广州·员村
要出发,8k-15k,经验1-3年 / 本科,“五险一金，带薪年假，周末双休，周边旅游”,PHP开发工程师,广州·员村
国医妇幼,15k-20k,经验3-5年 / 本科,"“快速发展,技术氛围,地铁周边”",PHP资深工程师,广州·员村
贪玩游戏,7k-11k,经验1-3年 / 大专,"“福利好,待遇好,团队和谐,弹性工作”",PHP工程师,广州·员村
畅游世界,6k-12k,经验1年以下 / 本科,“游戏开发”,PHP,广州·员村
蛋壳公寓,18k-36k,经验5-10年 / 本科,“晋升空间大”,PHP工程师-C端,广州·员村
好好住,15k-30k,经验3-5年 / 本科,"“弹性工作,扁平化管理,环境舒适,团队氛围好”",高级PHP开发工程师,广州·员村
北京盛安德,8k-12k,经验3-5年 / 大专,“弹性工作不打卡；PHP专业开发团队”,PHP,广州·员村
玖融网,10k-15k,经验1-3年 / 大专,"“弹性工作制,技术氛围好,平台大,大牛多”",PHP开发工程师,广州·员村
泛微,10k-15k,经验1-3年 / 本科,"“包三餐,五险一金,朝九晚六,周末双休”",PHP开发,广州·员村
坤亿科技,7K-8K,经验1-3年 / 本科,“朝9晚6 五险一金 地处商圈”,PHP开发工程师,广州·员村
中国纺织信息中心,15k-20k,经验3-5年 / 本科,"“五险一金,平台稳定,大牛带,发挥空间大”",PHP工程师,北京·三元桥
好未来,13k-20k,经验3-5年 / 本科,"“优质团队,晋升空间”",PHP研发工程师,北京·三元桥
滴度科技,15k-20k,经验3-5年 / 大专,"“弹性工作,午餐补贴,美女如云,薪资诱人”",PHP高级工程师,北京·三元桥
腾讯汽车·城市站,7k-14k,经验1-3年 / 本科,"“腾讯平台,年轻团队,晋升空间大,五险一金”",PHP开发工程师,北京·三元桥
滴滴出行,15k-30k,经验1-3年 / 本科,"“竞争力薪酬,高福利,发展快,平台大”",PHP开发工程师/架构师,北京·三元桥
美图公司,10k-20k,经验1-3年 / 本科,“海外团队，国际市场”,PHP开发工程师,北京·三元桥
成都社维思网络有限公司,6K-12K,经验3-5年 / 本科,“产品研发，个人能力提升快。”,PHP开发工程师,北京·三元桥
晓信科技,10k-20k,经验3-5年 / 本科,"“弹性工作,季度旅行,扁平化管理,绩效奖金”",PHP中级开发工程师,北京·三元桥
美团点评,30k-50k,经验3-5年 / 本科,“大牛团队”,PHP高级工程师/架构师,北京·三元桥
瓜子二手车直卖网,18k-35k,经验3-5年 / 本科,“全年最高19薪 弹性时间 6险1金 领导nice”,PHP开发工程师,北京·三元桥
享换机,18k-25k,经验5-10年 / 本科,"“扁平化管理,年终多薪,带薪年假,技术大牛”",资深PHP开发,北京·三元桥
大川,15k-25k,经验3-5年 / 大专,"“包吃中晚餐,项目奖金,年终奖,五险一金”",PHP开发工程师,北京·三元桥
蛋壳公寓,15k-30k,经验3-5年 / 本科,“六险一金、团队氛围好、领导nice”,php工程师,北京·三元桥
百乘金控,20k-40k,经验3-5年 / 本科,"“旅游,团建,技术大咖”",PHP,北京·三元桥
朗播网,20k-40k,经验3-5年 / 本科,"“出国旅游,免费健身,股票期权,带薪年假”",PHP开发工程师,北京·三元桥
美味不用等,15k-25k,经验3-5年 / 本科,“发展前景好”,数据挖掘工程师,上海·张江
BBD,20k-40k,经验3-5年 / 本科,"“五险一金,节日福利,餐费补贴”",产品经理(数据挖掘）,上海·张江
妙计旅行,3k-5k,经验1年以下 / 本科,"“一流导师,包三餐,提供转正机,办公环境好”",数据挖掘实习生,上海·张江
爱卡汽车,25K-50K,经验3-5年 / 本科,“高大上的办公地点。算法，前端，后端”,数据挖掘工程师,上海·张江
滴滴出行,35k-45k,经验3-5年 / 本科,"“创新挑战,海量数据,优秀团队”",数据挖掘算法工程师,上海·张江
华院数据,25k-50k,经验1-3年 / 硕士,"“定期体检,弹性工作,发展空间大,五险一金”",（高级）数据挖掘工程师,上海·张江
省钱快报,30k-60k,经验3-5年 / 本科,“项目奖金、资源充足、带团队”,资深数据挖掘工程师,上海·张江
魅瞳科技,8k-16k,经验3-5年 / 本科,"“股权激励,人工智能,精英团队,科技前沿”",AI 数据挖掘工程师,上海·张江
无秘,25k-50k,经验3-5年 / 本科,“公司高速成长，与优秀人共事”,高级算法与数据挖掘工程师,上海·张江
橙鹰,20k-35k,经验3-5年 / 硕士,"“阿里旗下,数据氛围浓,阿里巴巴,空间大”",数据挖掘专家,上海·张江
美团点评,25k-35k,经验3-5年 / 本科,"“气氛活跃,共享经济”",高级数据挖掘工程师-数据仓库方向,上海·张江
我来贷WeLab,25k-35k,经验3-5年 / 本科,“股权激励 五险一金 扁平管理 带薪年假”,数据挖掘工程师,上海·张江
天猫,20k-40k,经验1-3年 / 硕士,"“无限空间,集团重点,股票期权,业界前沿”",数据挖掘/算法专家-新零售,上海·张江
木槿科技,4k-8k,经验1年以下 / 本科,"“大牛师傅,员工团建,福利多多,转正机会”",数据挖掘实习生,上海·张江
京东,25k-35k,经验1-3年 / 本科,"“发展前景大,平台大,牛人多”",数据挖掘工程师,上海·张江
智融集团,20k-40k,经验3-5年 / 本科,“弹性工时;工作居住证；无限量零饮；晚餐”,高级数据挖掘工程师,北京·海淀区
会分期,15k-30k,经验3-5年 / 本科,"“地铁周边,蓝海,行业巨头,团队氛围好”",数据挖掘工程师,北京·海淀区
滴滴出行,25k-50k,经验不限 / 不限,“广阔平台、极速成长、诱人福利”,数据挖掘工程师(J170707006),北京·海淀区
今日头条,20k-40k,经验1-3年 / 本科,“六险一金，弹性工作，免费三餐，租房补贴，带薪休假，休闲下午茶，扁平管理，健身瑜伽，过亿用户，职业大牛，晋升空间，团队氛围好，优厚薪资”,数据挖掘工程师,北京·海淀区
橙鹰,20k-35k,经验3-5年 / 硕士,"“数据挖掘,机器学习”",数据挖掘专家,北京·海淀区
通联数据,18k-30k,经验不限 / 本科,“有竞争力的薪酬福利”,数据挖掘工程师,北京·海淀区
顶象,20k-40k,经验3-5年 / 本科,"“技术前沿,成长空间,创业团队,BAT薪酬”",数据挖掘工程师,北京·海淀区
国美互联网,15k-30k,经验1-3年 / 本科,"“算法,机器学习,数据挖掘”",数据挖掘工程师,北京·海淀区
百度,20k-30k,经验1-3年 / 本科,"“免费水果,免费班车,上市公司”",数据挖掘工程师,北京·海淀区
思特奇Si-tech,8k-16k,经验1-3年 / 本科,“七险一金、带薪年假、绩效奖金、定期体检”,数据挖掘工程师,北京·海淀区
传神,15k-25k,经验不限 / 本科,“行业No.1 上市公司 大平台 弹性工作”,数据挖掘工程师,北京·海淀区
中国医学论坛报、CMT,30k-40k,经验3-5年 / 本科,"“大数据,互联网医疗,福利待遇好,项目稳定”",数据挖掘工程师,北京·海淀区
减约,15k-25k,经验3-5年 / 硕士,"“行业发展,个人成长”",高级数据挖掘工程师,北京·海淀区
正保远程教育集团,30k-45k,经验不限 / 本科,"“大数据,挖掘,算法,机器学习”",数据挖掘工程师,北京·海淀区
百分点,10k-15k,经验1-3年 / 本科,"“六险一金,带薪病假,交通补贴,弹性工作”",数据挖掘工程师J10126,北京·海淀区
滴滴出行,20k-40k,经验3-5年 / 本科,“诱人福利、团队氛围好”,数据挖掘专家(J180115006),北京·海淀区
今日头条,20k-40k,经验3-5年 / 本科,“六险一金，弹性工作，免费三餐，租房补贴，带薪休假，休闲下午茶，扁平管理，健身瑜伽，过亿用户，职业大牛，晋升空间，团队氛围好，优厚薪资”,高级数据产品经理-数据挖掘方向,北京·海淀区
网易,20k-30k,经验1-3年 / 硕士,"“创新团队,福利待遇好,技术氛围浓”",数据挖掘工程师（lsht）,北京·海淀区
宜贷网,8k-12k,经验1-3年 / 大专,"“绩效奖金,专业培训,年终奖金,福利完善”",数据挖掘工程师,北京·海淀区
九次方大数据,10k-20k,经验1-3年 / 本科,“五险一金 双休 带薪年假 行业前景好 领导好”,数据挖掘,北京·海淀区
掌门集团,20k-30k,经验3-5年 / 本科,“发展空间大，福利待遇好”,数据挖掘工程师,北京·海淀区
新浪爱彩,10k-20k,经验3-5年 / 本科,"“项目前景好,合作广,有钱途”",数据挖掘,北京·海淀区
Hypers,15k-30k,经验不限 / 本科,“福利待遇好，发展空间巨大，公司前景好。”,数据挖掘,北京·海淀区
有鱼金融科技,25k-40k,经验5-10年 / 本科,“亿级平台，行业前三，极客文化，无限发挥！”,高级数据挖掘工程师,北京·海淀区
大公信软,8k-16k,经验1-3年 / 本科,“带薪年假，五险一金，绩效奖金”,数据挖掘工程师,北京·海淀区
新浪网,15k-30k,经验1-3年 / 本科,"“大公司,班车,健身房”",数据挖掘工程师,北京·海淀区
天翼征信有限公司,10k-20k,经验1-3年 / 本科,"“平台好,发展空间广,公司氛围好”",数据挖掘工程师,北京·海淀区
InnoTREE,25k-38k,经验3-5年 / 本科,“团队优秀，Google背景创始人”,数据挖掘工程师,北京·海淀区
融之家,15k-25k,经验3-5年 / 本科,"“餐补,美女鼓励师,零食多多”",数据挖掘工程师,北京·海淀区
无秘,25k-50k,经验3-5年 / 硕士,"“高速成长,核心团队”",高级算法与数据挖掘工程师,北京·海淀区
糖豆,30k-60k,经验3-5年 / 本科,"“蓝海领域,追求极致,弹性工作,六险一金”",数据挖掘工程师/专家,北京·学院路
掌门集团,25k-30k,经验3-5年 / 本科,"“父母工资,12+年休,定期体检,清明五天假”",数据挖掘工程师,北京·学院路
金山办公软件,20k-40k,经验3-5年 / 本科,"“年终奖,六险一金,食堂,健身房”",自然语言处理工程师/数据挖掘工程师,北京·学院路
好未来,15k-30k,经验3-5年 / 本科,“大平台，在线教育，人工智能”,AI Lab-数据挖掘工程师,北京·学院路
蚂蚁金服集团,20k-40k,经验不限 / 不限,"“股票期权,技术挑战,福利齐全,职位机遇”",蚂蚁金服-数据挖掘专家-安全基础平台,北京·学院路
博雅成信,10k-15k,经验1-3年 / 本科,“平台大”,数据挖掘工程师,北京·学院路
美团点评,15k-30k,经验1-3年 / 本科,"“重点业务,成长空间大”",餐饮生态数据挖掘工程师-成都,北京·学院路
车联天下,20k-30k,经验3-5年 / 本科,"“六险一金,弹性时间,春节长假”",数据挖掘专家,北京·学院路
魔蝎科技,15k-25k,经验3-5年 / 本科,"“年底多薪,技术大牛,氛围活跃”",中高级数据挖掘工程师,北京·学院路
蔷薇控股,20k-40k,经验3-5年 / 硕士,"“股东背景强,管理规范,薪资优渥,工作环境好”",数据挖掘与量化分析师,北京·学院路
慕课网,15k-25k,经验3-5年 / 不限,"“时间自由,分成收益,持续分成”",数据挖掘/讲师,北京·学院路
安居客,18k-25k,经验3-5年 / 本科,"“优秀团队,算法、工程”",高级数据挖掘工程师,北京·学院路
新东方教育行业研究院,18k-35k,经验1-3年 / 硕士,"“集团背景,年15薪,福利多多”",数据挖掘工程师,北京·学院路
狗尾草智能科技,15k-30k,经验3-5年 / 本科,"“年终多薪,两次调薪,项目奖金,车补餐补”",数据挖掘工程师,北京·学院路
深睿医疗,25k-40k,经验1-3年 / 硕士,"“大牛,人性化管理,靠谱团队,技术氛围好”",数据挖掘/推荐算法工程师,北京·学院路
金山办公软件,15k-30k,经验不限 / 不限,"“年终奖,免费食堂,健身房,自由环境”",数据挖掘开发工程师,北京·上地
无秘,25k-50k,经验3-5年 / 硕士,“公司高速成长，与优秀人共事”,高级算法与数据挖掘工程师,北京·上地
太合娱乐,15k-20k,经验3-5年 / 本科,"“平台大,项目好,团队优秀,环境优美”",数据挖掘工程师,北京·上地
博雅成信,20k-30k,经验3-5年 / 本科,“【双休】【BAT团队】【大平台】【晋升快】”,高级数据挖掘工程师,北京·上地
上海晋景数据,20k-30k,经验1-3年 / 本科,"“高薪资,技术型公司”",中级数据挖掘工程师,北京·上地
马上金融,18k-35k,经验3-5年 / 硕士,“持牌消费金融、大数据、AI、薪酬福利”,数据挖掘工程师,北京·上地
广州银行信用卡中心,20K-32K,经验3-5年 / 本科,"“消费金融,零售信贷,海量数据,快速发展”",数据挖掘经理,北京·上地
多点Dmall,15k-25k,经验1-3年 / 本科,“数据挖掘”,数据挖掘工程师,北京·上地
洋码头,15k-30k,经验3-5年 / 本科,“技术大牛 团队优秀 发展空间大”,数据挖掘/算法工程师,北京·上地
鼎阅,15k-30k,经验3-5年 / 本科,"“16薪,出国游,各种补助,年底奖金”",数据挖掘工程师,北京·上地
多盟,4k-8k,经验不限 / 本科,"“六险一金,年底双薪,带薪年假,绩效奖金”",数据挖掘实习生,北京·上地
蚂蚁金服集团,20k-40k,经验3-5年 / 本科,"“股票期权,技术挑战,福利齐全,职位机遇”",iDST-翻译技术-数据挖掘专家,北京·上地
阅文集团,25k-40k,经验5-10年 / 本科,"“平台大,福利好,技术牛人多”",数据挖掘专家,北京·上地
爱奇艺,30k-40k,经验不限 / 本科,“接触大数据、机器学习、深度学习”,数据挖掘算法高级工程师,北京·上地
精真估,3k-6k,经验不限 / 硕士,"“易车网旗下,五险一金,带薪休假,旅游团建”",数据挖掘实习生,北京·上地
饿了么,18k-30k,经验1-3年 / 本科,“标配Mac，人体力学座椅，广阔的学习空间”,资深算法工程师（搜索推荐）,上海·金沙江路
ZAKER,13k-25k,经验3-5年 / 本科,"“晋升空间大,优秀的团队”",推荐算法产品经理,上海·金沙江路
网易游戏,15k-25k,经验1-3年 / 本科,"“核心数据部,发展空间大,技术牛人多,薪资福利好”",游戏推荐算法工程师,上海·金沙江路
百度,20k-40k,经验3-5年 / 本科,“核心产品”,百度贴吧推荐架构高级研发工程师​,上海·金沙江路
小米,25k-40k,经验3-5年 / 本科,"“核心团队,大平台”",【新业务】推荐算法高级工程师,上海·金沙江路
美团点评,18k-36k,经验1-3年 / 硕士,“弹性工作”,搜索算法工程师（搜索推荐智能技术中心）,上海·金沙江路
豆果美食,10k-20k,经验3-5年 / 本科,"“职位晋升,大咖云集,良好氛围,职业发展”",搜索/个性化推荐产品经理,上海·金沙江路
马蜂窝,18k-25k,经验5-10年 / 本科,"“核心无线,核心内容,Mac办公,六险一金”",推荐系统产品经理（信息流）,上海·金沙江路
Cloudin云英,30k-40k,经验3-5年 / 本科,"“高薪,福利好,领导棒,平台前景好”",高级搜索推荐工程师  ,上海·金沙江路
欢网科技,15k-20k,经验3-5年 / 本科,"“五险一金,员工出游,节假福利,带薪病假”",大数据研发工程师（推荐系统方向）,上海·金沙江路
猪八戒网,13k-20k,经验3-5年 / 本科,"“独角兽企业,六险一金,技术大牛,团队氛围”",数据科学家（推荐算法）,上海·金沙江路
搜狐集团,25k-50k,经验5-10年 / 本科,“好团队”,视频-产品技术中心-推荐系统研发主管,上海·金沙江路
新浪网,20k-30k,经验3-5年 / 本科,“大平台牛人多”,推荐引擎高级系统开发工程师,上海·金沙江路
茄子快传,20k-40k,经验3-5年 / 本科,"“14亿用户,国际互联网,福利完善,氛围活跃”",资深推荐策略产品经理,上海·金沙江路
陌陌,25k-50k,经验3-5年 / 本科,"“核心团队,技术氛围浓”",高级推荐引擎开发工程师,上海·金沙江路
小米,20k-40k,经验1-3年 / 本科,"“核心团队,大平台”",推荐算法高级工程师-新业务,北京·西三旗
饿了么,35k-45k,经验3-5年 / 本科,“可充分发挥并展现你才能的平台”,高级算法专家（搜索推荐）,北京·西三旗
荔枝,15k-30k,经验3-5年 / 本科,“亿级用户产品，技术大牛多，福利超棒！”,数据挖掘工程师（推荐方向）,北京·西三旗
阿里文娱,20k-40k,经验3-5年 / 本科,"“平台大,机会多,技术大牛,薪资福利”",优酷-个性化推荐算法高级工程师/技术专家,北京·西三旗
丝路天地,15k-30k,经验3-5年 / 本科,"“环境高大上,妹子多,无限量茶点”",产品经理（个性化推荐方向）,北京·西三旗
新浪微博,30k-50k,经验不限 / 本科,"“弹性工作,核心部门,氛围好”",视频推荐算法研发工程师,北京·西三旗
美团点评,25k-50k,经验3-5年 / 硕士,"“弹性工作,商业保险”",资深推荐算法研发（搜索推荐智能技术中心）,北京·西三旗
腾讯,25K-50K,经验3-5年 / 本科,“海量数据机器学习深度学习”,推荐算法高级工程师,北京·西三旗
随手科技,10k-20k,经验1-3年 / 本科,"“互联网金融,平台好,成长快,氛围好”",推荐算法工程师（精准营销）,北京·西三旗
马蜂窝,10k-20k,经验1-3年 / 本科,“蚂蜂窝主APP”,搜索推荐运营,北京·西三旗
网易,20k-40k,经验3-5年 / 硕士,"“重点业务,牛人云集”",推荐算法高级工程师-短视频方向,北京·西三旗
陌陌,18k-35k,经验3-5年 / 本科,"“空间大,核心团队”",产品经理（个性化推荐）,北京·西三旗
搜狐集团,10k-20k,经验3-5年 / 本科,“大平台 15天年假 弹性工作制 氛围好”,推荐引擎开发工程师,北京·西三旗
腾讯,20k-40k,经验3-5年 / 本科,“微信大平台”,WXG08-113 微信搜索推荐后台开发高级工程师,北京·西三旗
360,25k-50k,经验1-3年 / 本科,“发展空间”,视觉学习算法工程师（广告推荐方向）,北京·西三旗
Quantex,20k-40k,经验3-5年 / 本科,"“人工智能,研发部,对接美国”",推荐系统数据科学家/产品经理,北京·西直门
北京国鼎源创智能科技有限公司,30k-40k,经验3-5年 / 本科,"“公司前景好,平台不错,全球性数据”",资深搜索推荐,北京·西直门
今日头条,25k-40k,经验1-3年 / 本科,“六险一金，高薪期权，弹性工作，免费三餐，职业大牛，晋升空间，团队氛围好”,推荐算法高级工程师-短视频方向,北京·西直门
蚂蚁金服集团,25k-45k,经验3-5年 / 本科,"“蚂蚁金服,股票期权,年终奖”",搜索推荐算法专家-p6\P7-蚂蚁金服财富,北京·西直门
新浪微博,30k-50k,经验5-10年 / 本科,“开放社交top1 上市公司 大平台福利”,高级推荐策略产品经理,北京·西直门
趣头条,30k-40k,经验3-5年 / 本科,"“创业平台,16薪,发展空间大,氛围好”",推荐策略高级产品经理,北京·西直门
小米,25k-50k,经验3-5年 / 本科,"“期权激励,平台大,扁平管理,牛人多”",推荐算法工程师（短视频）,北京·西直门
看点视频,20k-40k,经验3-5年 / 本科,"“推荐算法,人工智能,海量数据”",高级产品经理（推荐算法）,北京·西直门
人人车,25k-35k,经验3-5年 / 本科,“前景好，发展迅速”,高级策略产品经理—推荐模型,北京·西直门
美团点评,15k-25k,经验1-3年 / 本科,“互联网平台”,资深产品运营(个性化推荐方向）,北京·西直门
运满满,25k-50k,经验5-10年 / 本科,"“行业独角兽,团队氛围佳”",产品专家（策略/推荐/排序/调度）,北京·西直门
杭州嗨趣网络,16k-22k,经验3-5年 / 不限,"“五险一金,有薪年假,团餐旅游,节假日福利”",个性化推荐算法工程师,北京·西直门
考拉FM,20k-30k,经验3-5年 / 本科,"“五险一金,年终奖,绩效奖金,带薪年假”",策略产品经理（搜索、推荐方向）,北京·西直门
百度,15k-25k,经验1-3年 / 本科,"“发展空间大,绩效加薪,股票期权,免费班车”",地图内容生态部_推荐算法工程师,北京·西直门
阿里巴巴移动事业群-UC,15k-30k,经验5-10年 / 本科,“行业前沿 免费三餐 福利丰厚”,阿里移动国际-技术专家（推荐/搜索引擎领域）,北京·西直门
人人车,25k-50k,经验3-5年 / 本科,“年底双薪 独角兽企业 万人集团规模”,资深策略产品经理—推荐模型,北京·北苑
宝象投资控股集团有限公司,10k-20k,经验3-5年 / 本科,"“部门氛围好,平台稳定,发展好”",运营经理（好友推荐方向）,北京·北苑
久邦GOMO,15k-30k,经验3-5年 / 本科,"“海外市场,项目奖金,技术氛围,交通便利”",推荐算法工程师（音乐APP）,北京·北苑
新浪微博,30k-50k,经验3-5年 / 硕士,“股票 出境游 开放社交TOP1”,算法工程师（搜索、推荐、广告方向）,北京·北苑
搜狐集团,50k-100k,经验5-10年 / 硕士,“好团队”,视频-产品技术中心-个性推荐算法经理/总监,北京·北苑
网易,18k-28k,经验3-5年 / 本科,"“高增长项目,高素质团队,授权空间大,多月奖金”",推荐策略产品经理-短视频,北京·北苑
百度,25K-40K,经验1-3年 / 本科,"“发展空间大,待遇好”",百度糯米_检索推荐策略研发工程师,北京·北苑
腾讯,30k-60k,经验5-10年 / 硕士,“微信大平台”,WXG08-121 微信搜索推荐机器学习专家工程师,北京·北苑
西安团创网络科技有限公司,15k-28k,经验1-3年 / 本科,“年薪16薪”,游戏推荐算法,北京·北苑
今日头条,6k-9k,经验1年以下 / 本科,“六险一金，免费三餐，租房补贴，团队氛围好”,国际化内容推荐优化专员-葡语,北京·北苑
知乎,30k-50k,经验5-10年 / 本科,“六险一金，弹性工作，自助三餐等”,推荐算法leader（知识市场）,北京·北苑
唯品会,25k-40k,经验5-10年 / 本科,“免费三餐 有竞争力薪酬”,C++后台开发工程师（实时推荐系统方向）,北京·北苑
美团点评,20K-40K,经验3-5年 / 本科,“geek，团队氛围很好，靠谱领导”,高级测试开发（搜索推荐方向）,北京·北苑
Yi+,18k-35k,经验3-5年 / 本科,"“股票期权,绩效奖金,技术大牛,弹性工作”",Python开发工程师（推荐系统）,北京·北苑
饿了么,28k-35k,经验5-10年 / 本科,“商业保险、与众不同的带薪假期、股票期权”,后端架构师（搜索推荐广告）,北京·北苑
百度,15k-30k,经验不限 / 本科,"“平台空间大,福利待遇好,技术大牛,朝阳产业”",大数据部_云推荐产品经理（深圳）,深圳·南山区
今日头条,6k-9k,经验1年以下 / 本科,“六险一金，免费三餐，租房补贴，休闲下午茶”,国际化内容推荐优化专员 - 印尼语,深圳·南山区
网易,20k-30k,经验3-5年 / 本科,“优秀团队 上升空间 年底双薪 多月奖金”,推荐策略高级产品经理,深圳·南山区
悠易,15k-28k,经验1-3年 / 本科,"“六险一金,海外年会,扁平管理,期权”",产品经理 广告平台 广告推荐系统 广告投放,深圳·南山区
饿了么,28k-35k,经验5-10年 / 本科,“商业保险、与众不同的带薪假期、股票期权”,后端架构师（搜索推荐广告）,深圳·南山区
小影微视频,15k-30k,经验3-5年 / 本科,"“短视频,高增长”",内容推荐策略运营经理,深圳·南山区
小米,18k-35k,经验3-5年 / 本科,“MIOT”,MIOT-智能家庭（数据与推荐方向）-产品经理,深圳·南山区
皇包车,18k-36k,经验3-5年 / 本科,"“年终奖金,加班补贴,五险一金”",搜索推荐策略产品经理,深圳·南山区
重庆融特通信技术有限公司,4k-8k,经验不限 / 本科,"“双休,五险,绩效奖金,餐补”",内容运营（资讯个性化推荐）,深圳·南山区
汽车之家,14k-20k,经验3-5年 / 本科,“福利待遇好，团队氛围好”,策略产品经理（推荐算法）,深圳·南山区
英威诺,15k-30k,经验1-3年 / 本科,"“平台棒,发展好,待遇好,氛围好”",产品经理（海外个性化推荐方向）,深圳·南山区
PPTV聚力,10k-15k,经验1-3年 / 本科,"“年底奖金,带薪休假,免费早餐,加班餐”",策略产品经理（视频入口推荐互动向）,深圳·南山区
乐视,15k-30k,经验3-5年 / 本科,“推荐算法，技术成长快”,推荐开发工程师（C++）,深圳·南山区
凤凰网,25k-45k,经验3-5年 / 本科,"“技术驱动,靠谱团队,技术大牛,结果导向”",推荐系统高级JAVA研发工程师,深圳·南山区
健康160（原就医160）,20k-25k,经验3-5年 / 本科,"“上市企业,平台大,周末双休,法定节假日”",Java高级工程师（推荐系统）,深圳·南山区
塔塔 TCS,25k-40k,经验5-10年 / 本科,"“大型平台,福利保障好,流程规范高,项目稳定”",C/C++ 系统架构师,上海·浦东新区
亦云,15k-25k,经验3-5年 / 本科,“奖项激励多，晋升空间大，技术氛围好”,中/高级C开发工程师（云平台开发及维护方向）,上海·浦东新区
上海天存信息,15k-20k,经验1-3年 / 本科,"“不加班,有带教,福利全”",C/C++开发工程师,上海·浦东新区
DSG,6k-8k,经验1-3年 / 本科,“待遇优厚”,C/C++研发工程师,上海·浦东新区
比托邦,8k-15k,经验3-5年 / 本科,"“创业团队,发展空间大,一言不合,就发红包”",(V)C/C++开发工程师,上海·浦东新区
中国网安,10k-20k,经验3-5年 / 本科,"“班车,高温假,绩效奖金,餐补”",C/C++开发工程师,上海·浦东新区
上海移云信息科技有限公司,8k-15k,经验1-3年 / 本科,"“带薪年假,绩效奖金”",C/C++开发工程师,上海·浦东新区
宜高美,10k-20k,经验5-10年 / 本科,“无人驾驶项目 年终奖 项目奖 年底双薪”,C/C++ Expert/ Architect C/C++专家/ 架构师,上海·浦东新区
小马股份,10k-15k,经验3-5年 / 本科,"“C开发,C++开发,技术难度高”",C/C++高级开发工程师,上海·浦东新区
新界,15k-22k,经验3-5年 / 不限,"“双休,餐补,弹性工作,加班补助”",C/C++ 中级工程师,上海·浦东新区
平欣电子,6k-12k,经验1-3年 / 本科,"“五险一金,领导大牛,出差补贴”",C开发工程师,上海·浦东新区
空车位,20k-40k,经验5-10年 / 本科,"“发展空间,福利待遇”",高级C/C++开发工程师,上海·浦东新区
驱动人生,10k-20k,经验1-3年 / 大专,“上市公司 行业标兵 薪酬待遇”,服务器开发工程师 C/C++,上海·浦东新区
汇合营销,8k-12k,经验1-3年 / 大专,"“五险一金,每年旅游,员工体检,年终奖”",C/C++工程师,上海·浦东新区
企鹅创新,25k-40k,经验5-10年 / 本科,"“大牛,期权,弹性工作”",c/c++，cuda，opencv高级软件工程师,上海·浦东新区
perfma,15k-30k,经验3-5年 / 不限,"“有优秀团队,发展空间大,工作环境好”",C/C++开发工程师,杭州·西溪
沐融科技,8K-15K,经验1-3年 / 本科,"“福利待遇好,个人发展好”",C/C++中级开发工程师（银行软件）广州,杭州·西溪
讯联数据,8k-15k,经验不限 / 本科,“奖金，旅游，健康计划，期权，落户等”,C/C++开发工程师,杭州·西溪
趣游（厦门）科技有限公司,7k-12k,经验不限 / 不限,"“项目靠谱,团队融洽,成长空间大,五险一金”",C/C++服务器程序员,杭州·西溪
三才脉度,10k-20k,经验不限 / 本科,"“学习机会多,晋升空间大,股权激励”",C/C++开发工程师,杭州·西溪
九洲华正,8k-10k,经验1-3年 / 本科,"“平台好,福利好,团队nic”",C/C++软件工程师,杭州·西溪
融联网络,6k-8k,经验1-3年 / 本科,"“大牛多,办公环境好,福利好”",C/C++开发工程师,杭州·西溪
恒生电子,15k-25k,经验3-5年 / 本科,"“双休,六险一金,弹性考勤”",高级C/C++开发工程师（资产管理事业部研一）,杭州·西溪
360,15k-30k,经验3-5年 / 本科,“全额试用期 免费三餐 弹性工作 健身房等”,C/C++(Linux),杭州·西溪
思华科技,15k-25k,经验1-3年 / 本科,“六险一金 带薪病事假”,Linux C/C++高级软件工程师,杭州·西溪
北京八维研修学院,6k-12k,经验不限 / 本科,"“五险一金,饭补”",c语言讲师,杭州·西溪
竞技世界,20k-30k,经验3-5年 / 本科,"“带薪年假,年终奖,交通补助,交通补助”",高级平台应用工程师(C/C++),杭州·西溪
京东商城,15k-25k,经验3-5年 / 本科,"“薪资高,五险一金,免费班车”",C/C++音频算法工程师,杭州·西溪
平欣电子,7k-14k,经验1-3年 / 本科,“扁平化管理、领导好、福利多多”,C开发工程师,杭州·西溪
上海中软华腾软件系统有限公司,20k-25k,经验5-10年 / 本科,“项目经理 Unix C 金融”,C开发项目经理（Unix.C）,杭州·西溪
沐融科技,6k-10k,经验1-3年 / 本科,"“个人发展,公司前景,团队氛围”",C语言金融软件开发工程师（武汉）,武汉·光谷
恒生电子,10k-20k,经验3-5年 / 本科,"“五险一金,餐饮补贴,年终奖金,交通补贴”",高级C实施工程师-上海（银行财资）,武汉·光谷
三汇信息,5k-10k,经验1-3年 / 本科,“五险一金，双休，免费午餐，免费班车”,C,武汉·光谷
广州志远电子科技有限公司,10k-15k,经验1-3年 / 本科,"“各种补贴,奖金等”",C/C++高级开发工程师,武汉·光谷
北信源,6k-9k,经验1-3年 / 不限,"“弹性时间,五险一金,福利待遇好,发展空间大”",C/C++软件工程师,武汉·光谷
燃网络,4k-6k,经验1年以下 / 大专,"“年底双薪,双休,五险一金,包住”",C语言/ios/安卓软件开发实习生(地铁口）,武汉·光谷
大名软件,10k-18k,经验5-10年 / 本科,"“弹性工作,周末双休,年度旅游,五险一金”",C/C++项目经理,武汉·光谷
锦玉山河,6k-12k,经验1-3年 / 不限,“创始员工、待遇优厚+分红+期权、弹性工作”,C/C++工程师(Cocos2D-X),武汉·光谷
金科联信,8k-12k,经验1-3年 / 本科,"“薪资岗晋升,绩效奖金,节日礼物,发展空间大”",C开发,武汉·光谷
量创,10k-20k,经验1-3年 / 本科,"“五险一金,绩效奖金,定期体检”",C/C++,武汉·光谷
简网科技,20k-30k,经验不限 / 不限,“五险一金，股票期权，五天工作制”,C（研发工程师）,武汉·光谷
九方互动,6k-12k,经验1-3年 / 不限,"“五险一金,年终奖,定期体检,员工旅游”",C/C++工程师,武汉·光谷
北京八维研修学院,10K-15K,经验1-3年 / 本科,"“五险一金,带薪年假”",c语言讲师/助教,武汉·光谷
韵成科技,10k-18k,经验不限 / 本科,"“linux,网络安全,pytho,大数据”",C,武汉·光谷
新浪网,14k-28k,经验1-3年 / 本科,“大平台”,C语言开发工程师,武汉·光谷
星云,15k-22k,经验1-3年 / 本科,"“期权激励,发展空间大,弹性上班,扁平管理”",C/C++工程师,深圳·科技园
微拍堂,15k-25k,经验1-3年 / 大专,"“六险一金,双休,全勤奖金,餐饮补贴”",产品经理（to c）,深圳·科技园
御付科技,5k-9k,经验3-5年 / 本科,"“五险一金,带薪年假,双休”",C语言开发工程师,深圳·科技园
互信互通,8K-15K,经验3-5年 / 本科,"“五险一金,节日福利,定期体检”",C/C++开发工程师,深圳·科技园
神探,20k-30k,经验5-10年 / 硕士,"“人工智能,中科院平台,优秀团队,丰厚期权”",高级C/C++开发工程师,深圳·科技园
凯立德,7k-14k,经验1-3年 / 大专,“薪资福利好”,C/C++应用开发工程师,深圳·科技园
利盟科技,5k-8k,经验1-3年 / 不限,"“双休,社保,前景无限”",C/C++软件工程师,深圳·科技园
澳柯网信,10k-20k,经验不限 / 本科,“与技术大牛一起做国际范的软件”,C/C++软件工程师,深圳·科技园
175平台,6k-10k,经验1-3年 / 大专,"“五险一金,餐饮补贴,绩效奖金,员工旅游”",C/C++开发工程师,深圳·科技园
伟思医疗,7k-14k,经验不限 / 本科,"“五险一金,节假日福利”",c/c++开发工程师,深圳·科技园
Airfot.,9k-13k,经验1-3年 / 不限,"“五险一金,满勤,餐补,交通补助”",C/C++/C#软件开发工程师,深圳·科技园
编玩边学,7k-10k,经验1-3年 / 本科,"“五险一金,餐饮补贴,节日福利,股票期权”",c/c++课程设计,深圳·科技园
广州国开信息科技有限公司,15k-20k,经验3-5年 / 本科,"“奖金,各项补贴”",C/C++开发工程师,深圳·科技园
Kdan Mobile,8K-15K,经验不限 / 不限,“本公司制度健全、福利完善、期待你的加入。”,C/C++工程师,深圳·科技园
三茗科技（836595）,8k-16k,经验不限 / 本科,“平台广阔”,C/C++开发工程师,深圳·科技园
三茗科技（836595）,8k-16k,经验不限 / 本科,“平台广阔”,C/C++开发工程师,西安·唐延路
华为技术有限公司,20k-40k,经验5-10年 / 本科,“华为给你一个实现梦想的平台”,C/C++软件开发,西安·唐延路
成都零起点科技,3k-6k,经验应届毕业生 / 大专,“带薪年假社保加班补助年度旅游”,C、COBOL开发工程师,西安·唐延路
通联金融,10k-15k,经验3-5年 / 本科,“平台稳定 互联网金融 行业第二”,高级C语言开发工程师（南昌）,西安·唐延路
普元,8k-15k,经验1-3年 / 本科,“金融”,C语言开发工程师,西安·唐延路
滴滴出行,20k-40k,经验3-5年 / 本科,“期权激励，六险一金，靠谱团队，福利最全”,滴滴杭州-数据架构研发工程师（C/C++方向）,西安·唐延路
北京雷石公司,9k-18k,经验3-5年 / 本科,“互联网行业，业内最大供应商！”,C/C++应用研发工程师,西安·唐延路
旗帜股份,12k-18k,经验3-5年 / 本科,"“金融IT,银行项目,公司平台大,薪酬有竞争”",C语言中高级开发工程师,西安·唐延路
锦玉山河,12k-16k,经验3-5年 / 不限,“创始员工、待遇优厚+分红+期权、弹性工作”,C/C++主程,西安·唐延路
苏州同济金融科技研究院,8k-16k,经验不限 / 不限,"“高成长空间,福利好”",Go/C/C++语言开发工程师,西安·唐延路
铃声多多,10K-20K,经验1年以下 / 本科,"“漂亮妹子多,自由不加班,年度国际游”",c/c++工程师,西安·唐延路
北京天融信公司,6k-12k,经验1-3年 / 本科,"“VPN,linux,C,网络安全”",Linux C开发工程师,西安·唐延路
擎天柱,10k-20k,经验1-3年 / 本科,"“技能培训,分享讲座,周末双休,氛围好”",C/C++游戏服务器开发,西安·唐延路
北京八维研修学院,8k-10k,经验1年以下 / 本科,"“五险一金,绩效奖金,带薪年假,节日福利”",C程序设计讲师,西安·唐延路
魔方互联,9k-12k,经验1-3年 / 本科,"“全额缴纳,氛围轻松,弹性工作”",初级软件开发工程师（C/C++）,西安·唐延路
Face++,20k-40k,经验3-5年 / 本科,"“平台好,技术大牛多”",C/C++开发工程师,北京·中关村
荔枝,10k-20k,经验3-5年 / 大专,“技术牛人多，高并发，绩效奖金高！”,C/C++开发工程师,北京·中关村
广州洲聚,18k-24k,经验3-5年 / 本科,"“扁平化管理,年底双薪,下午茶,大牛团队”",c/c++开发工程师,北京·中关村
云知声,15k-25k,经验3-5年 / 本科,"“人工智能,五险一金,弹性双休,前沿行业”",C开发工程师J10053,北京·中关村
华夏创新,8k-16k,经验1-3年 / 本科,"“研发大牛多,薪资待遇高,能力成长快,公司前景好”",C开发工程师,北京·中关村
腾讯,16k-32k,经验不限 / 本科,“大平台”,腾讯云C/C++开发工程师,北京·中关村
深思数盾,10k-20k,经验3-5年 / 本科,"“学习空间大,公司前景好,发展广阔,福利待遇优”",C/C++开发工程师,北京·中关村
深信服科技集团,12k-24k,经验1-3年 / 本科,"“超多福利,扁平化管理,朝阳行业,晋升快”",Linux C/C++开发工程师,北京·中关村
商汤科技,15k-30k,经验1-3年 / 本科,"“独角兽企业,技术大牛,公司前景”",C语言开发工程师,北京·中关村
兜乐科技,8k-15k,经验不限 / 大专,"“薪酬高,福利好,公司稳定,发展平台”",C，C语言软件开发工程师,北京·中关村
欢聚时代（YY Inc）,15k-25k,经验3-5年 / 本科,"“福利多,平台大”",linux c/c++工程师 (MJ000586),北京·中关村
瞬联软件科技（北京）有限公司,10k-15k,经验1-3年 / 本科,"“五险一金,带薪年假,弹性工作,氛围自由”",C软件开发工程师,北京·中关村
先安科技,10k-15k,经验3-5年 / 本科,"“六险一金,双休不加班,定期体检,超长春节假”",C/C++开发工程师,北京·中关村
纽菲斯信息科技,10k-20k,经验不限 / 硕士,"“高薪水,少加班,过节费,老板重技术”",C/C++研发工程师,北京·中关村
武汉安天,10k-15k,经验3-5年 / 本科,"“五险一金,双休,免费体检,年底双薪”",c/c++ 高级软件工程师,北京·中关村
Face++,20k-40k,经验3-5年 / 本科,"“平台好,技术大牛多”",C/C++开发工程师,北京·中关村
荔枝,10k-20k,经验3-5年 / 大专,“技术牛人多，高并发，绩效奖金高！”,C/C++开发工程师,北京·中关村
广州洲聚,18k-24k,经验3-5年 / 本科,"“扁平化管理,年底双薪,下午茶,大牛团队”",c/c++开发工程师,北京·中关村
云知声,15k-25k,经验3-5年 / 本科,"“人工智能,五险一金,弹性双休,前沿行业”",C开发工程师J10053,北京·中关村
华夏创新,8k-16k,经验1-3年 / 本科,"“研发大牛多,薪资待遇高,能力成长快,公司前景好”",C开发工程师,北京·中关村
腾讯,16k-32k,经验不限 / 本科,“大平台”,腾讯云C/C++开发工程师,北京·中关村
深思数盾,10k-20k,经验3-5年 / 本科,"“学习空间大,公司前景好,发展广阔,福利待遇优”",C/C++开发工程师,北京·中关村
深信服科技集团,12k-24k,经验1-3年 / 本科,"“超多福利,扁平化管理,朝阳行业,晋升快”",Linux C/C++开发工程师,北京·中关村
商汤科技,15k-30k,经验1-3年 / 本科,"“独角兽企业,技术大牛,公司前景”",C语言开发工程师,北京·中关村
兜乐科技,8k-15k,经验不限 / 大专,"“薪酬高,福利好,公司稳定,发展平台”",C，C语言软件开发工程师,北京·中关村
欢聚时代（YY Inc）,15k-25k,经验3-5年 / 本科,"“福利多,平台大”",linux c/c++工程师 (MJ000586),北京·中关村
瞬联软件科技（北京）有限公司,10k-15k,经验1-3年 / 本科,"“五险一金,带薪年假,弹性工作,氛围自由”",C软件开发工程师,北京·中关村
先安科技,10k-15k,经验3-5年 / 本科,"“六险一金,双休不加班,定期体检,超长春节假”",C/C++开发工程师,北京·中关村
纽菲斯信息科技,10k-20k,经验不限 / 硕士,"“高薪水,少加班,过节费,老板重技术”",C/C++研发工程师,北京·中关村
武汉安天,10k-15k,经验3-5年 / 本科,"“五险一金,双休,免费体检,年底双薪”",c/c++ 高级软件工程师,北京·中关村
Face++,20k-40k,经验3-5年 / 本科,"“平台好,技术大牛多”",C/C++开发工程师,北京·中关村
荔枝,10k-20k,经验3-5年 / 大专,“技术牛人多，高并发，绩效奖金高！”,C/C++开发工程师,北京·中关村
广州洲聚,18k-24k,经验3-5年 / 本科,"“扁平化管理,年底双薪,下午茶,大牛团队”",c/c++开发工程师,北京·中关村
云知声,15k-25k,经验3-5年 / 本科,"“人工智能,五险一金,弹性双休,前沿行业”",C开发工程师J10053,北京·中关村
华夏创新,8k-16k,经验1-3年 / 本科,"“研发大牛多,薪资待遇高,能力成长快,公司前景好”",C开发工程师,北京·中关村
腾讯,16k-32k,经验不限 / 本科,“大平台”,腾讯云C/C++开发工程师,北京·中关村
深思数盾,10k-20k,经验3-5年 / 本科,"“学习空间大,公司前景好,发展广阔,福利待遇优”",C/C++开发工程师,北京·中关村
深信服科技集团,12k-24k,经验1-3年 / 本科,"“超多福利,扁平化管理,朝阳行业,晋升快”",Linux C/C++开发工程师,北京·中关村
商汤科技,15k-30k,经验1-3年 / 本科,"“独角兽企业,技术大牛,公司前景”",C语言开发工程师,北京·中关村
兜乐科技,8k-15k,经验不限 / 大专,"“薪酬高,福利好,公司稳定,发展平台”",C，C语言软件开发工程师,北京·中关村
欢聚时代（YY Inc）,15k-25k,经验3-5年 / 本科,"“福利多,平台大”",linux c/c++工程师 (MJ000586),北京·中关村
瞬联软件科技（北京）有限公司,10k-15k,经验1-3年 / 本科,"“五险一金,带薪年假,弹性工作,氛围自由”",C软件开发工程师,北京·中关村
先安科技,10k-15k,经验3-5年 / 本科,"“六险一金,双休不加班,定期体检,超长春节假”",C/C++开发工程师,北京·中关村
纽菲斯信息科技,10k-20k,经验不限 / 硕士,"“高薪水,少加班,过节费,老板重技术”",C/C++研发工程师,北京·中关村
武汉安天,10k-15k,经验3-5年 / 本科,"“五险一金,双休,免费体检,年底双薪”",c/c++ 高级软件工程师,北京·中关村
Face++,20k-40k,经验3-5年 / 本科,"“平台好,技术大牛多”",C/C++开发工程师,北京·中关村
荔枝,10k-20k,经验3-5年 / 大专,“技术牛人多，高并发，绩效奖金高！”,C/C++开发工程师,北京·中关村
广州洲聚,18k-24k,经验3-5年 / 本科,"“扁平化管理,年底双薪,下午茶,大牛团队”",c/c++开发工程师,北京·中关村
云知声,15k-25k,经验3-5年 / 本科,"“人工智能,五险一金,弹性双休,前沿行业”",C开发工程师J10053,北京·中关村
华夏创新,8k-16k,经验1-3年 / 本科,"“研发大牛多,薪资待遇高,能力成长快,公司前景好”",C开发工程师,北京·中关村
腾讯,16k-32k,经验不限 / 本科,“大平台”,腾讯云C/C++开发工程师,北京·中关村
深思数盾,10k-20k,经验3-5年 / 本科,"“学习空间大,公司前景好,发展广阔,福利待遇优”",C/C++开发工程师,北京·中关村
深信服科技集团,12k-24k,经验1-3年 / 本科,"“超多福利,扁平化管理,朝阳行业,晋升快”",Linux C/C++开发工程师,北京·中关村
商汤科技,15k-30k,经验1-3年 / 本科,"“独角兽企业,技术大牛,公司前景”",C语言开发工程师,北京·中关村
兜乐科技,8k-15k,经验不限 / 大专,"“薪酬高,福利好,公司稳定,发展平台”",C，C语言软件开发工程师,北京·中关村
欢聚时代（YY Inc）,15k-25k,经验3-5年 / 本科,"“福利多,平台大”",linux c/c++工程师 (MJ000586),北京·中关村
瞬联软件科技（北京）有限公司,10k-15k,经验1-3年 / 本科,"“五险一金,带薪年假,弹性工作,氛围自由”",C软件开发工程师,北京·中关村
先安科技,10k-15k,经验3-5年 / 本科,"“六险一金,双休不加班,定期体检,超长春节假”",C/C++开发工程师,北京·中关村
纽菲斯信息科技,10k-20k,经验不限 / 硕士,"“高薪水,少加班,过节费,老板重技术”",C/C++研发工程师,北京·中关村
武汉安天,10k-15k,经验3-5年 / 本科,"“五险一金,双休,免费体检,年底双薪”",c/c++ 高级软件工程师,北京·中关村
佳禾科技,6k-12k,经验1-3年 / 不限,"“六险一金,绩效奖金,餐饮补贴,年终奖金”",.NET开发工程师,广州·石牌
蜂巢网络科技,5k-7k,经验1-3年 / 不限,"“轻松,提升,双休”",.NET 开发工程师,广州·石牌
远成集团,16k-25k,经验5-10年 / 大专,“net”,net高级开发工程师,广州·石牌
鹏业软件,4k-8k,经验1-3年 / 大专,"“五险一金,周末双休,年度体检,年度旅游”",.NET软件开发工程师,广州·石牌
招商银行—出行易,15k-25k,经验3-5年 / 本科,"“稳定发展,电商平台,带薪年假,培训机制”",.Net开发工程师,广州·石牌
科大讯飞,10k-20k,经验1-3年 / 本科,“五险一金、节日福利、员工旅游”,.net开发工程师,广州·石牌
百得思维,9K-16K,经验3-5年 / 不限,“五险一金双休，包三餐”,.net开发工程师,广州·石牌
广州市安赛计算机科技有限公司,7k-8k,经验3-5年 / 大专,"“双休,买五险,有薪年假,年终奖”",C#/.NET开发工程师,广州·石牌
广州天越电子科技有限公司,6k-10k,经验1-3年 / 本科,"“周末双休,五险一金,年终奖金,在职培训”",.NET开发工程师,广州·石牌
环球易购,8k-15k,经验1-3年 / 大专,“上市公司 技术大团队 绩效 激励 年终奖”,Asp.net工程师,广州·石牌
安徽申东信息科技有限公司,7k-10k,经验1-3年 / 不限,“双休五险一金、餐补、项目奖、年终奖”,.NET工程师,广州·石牌
舟恩信息,8k-15k,经验3-5年 / 本科,"“年底双薪,团队旅游,五险一金,节日福利”",.net开发,广州·石牌
华建数创,15K-22K,经验5-10年 / 本科,"“补充公积金,补充医疗保,餐补,带薪年假”",.Net开发工程师,广州·石牌
三元达,5k-9k,经验1-3年 / 本科,"“六险一金,项目奖金多,智慧城市,平台空间大”",.NET开发工程师,广州·石牌
Dfocus,10k-20k,经验3-5年 / 大专,"“轻松氛围,领导nic”",.Net开发工程师,广州·石牌
博晟信息,8k-10k,经验3-5年 / 不限,“六险一金 双休 法定节假日 年假”,.NET,武汉·关山
大笨象,4k-6k,经验1-3年 / 大专,"“项目奖金,年度旅游,团队年轻”",.NET开发工程师,武汉·关山
象聚集团,8k-10k,经验3-5年 / 大专,"“六险一金,双休,晋升空间大,集团公司”",中/高级.net开发工程师,武汉·关山
云房数据,8k-12k,经验1-3年 / 大专,“发展前景、技术人员、年终奖、十三薪”,.net中级开发工程师,武汉·关山
上海经达,6k-10k,经验1-3年 / 大专,“周末双休有餐补，地铁9、12号线可到”,.NET,武汉·关山
中建电商,15k-25k,经验5-10年 / 大专,"“16薪水,五险一金”",.net 开发工程师,武汉·关山
路路由,15k-30k,经验3-5年 / 不限,“奔向IPO 扁平化管理 新技术尝鲜 技术气氛佳”,ASP.NET,武汉·关山
中网易信,4k-8k,经验不限 / 大专,"“不加班,弹性工作,项目奖金,带薪年假”",.NET开发工程师,武汉·关山
知网,9k-15k,经验1-3年 / 本科,"“五险一金,员工宿舍,免费班车,免费早午餐”",.Net开发工程师,武汉·关山
途虎养车网,20k-30k,经验3-5年 / 本科,"“平台发展好,工作氛围好”",资深.Net工程师,武汉·关山
武汉佰钧成技术有限公司,8k-16k,经验3-5年 / 大专,"“氛围好,发展空间大,福利好”",.net工程师,武汉·关山
北森云计算,10k-18k,经验3-5年 / 大专,“八险一金，弹性工作，14薪起”,.net开发工程师,武汉·关山
百得思维,8k-16k,经验3-5年 / 本科,"“保底14薪,五险一金,节日福利,班车油补”",.net开发工程师,武汉·关山
竞彩258,15k-25k,经验5-10年 / 本科,“谁说程序猿必须苦逼？”,.NET,武汉·关山
辰运软件,11k-15k,经验5-10年 / 大专,“五险一金，带薪年假，环境好”,.NET高级开发工程师,武汉·关山
武汉佰钧成技术有限公司,8k-14k,经验3-5年 / 大专,"“弹性上班,周末双休,互联网电商,环境好”",.Net开发工程师,广州·冼村
数帝网络,10k-20k,经验3-5年 / 本科,“平台优越”,.NET开发工程师,广州·冼村
用心科技,7k-10k,经验不限 / 大专,"“技术指导,团队年轻,办公环境,顺德社保”",.NET开发工程师,广州·冼村
戴姆勒/梅赛德斯-奔驰,15k-30k,经验3-5年 / 本科,“发展前景”,.Net-Engineer,广州·冼村
温州尘际软件,6k-12k,经验1-3年 / 不限,“自由的环境，双休，期权激励”,.NET,广州·冼村
Symbio-Freeborders,14k-16k,经验5-10年 / 本科,"“外企,工作环境佳,待遇好,弹性上班”",高级Net 开发工程师,广州·冼村
维信金融科技集团,8k-15k,经验1-3年 / 不限,"“平台大,福利多”",.NET工程师,广州·冼村
上海繁易科技,15k-20k,经验3-5年 / 本科,"“弹性工作制,不加班,不打卡,高福利”",asp.net软件开发工程师,广州·冼村
荷包金融,15k-25k,经验3-5年 / 大专,“高薪又高兴 弹性有活力”,.Net高级开发工程师,广州·冼村
奥游科技,6k-10k,经验3-5年 / 不限,"“晋升,福利”",.net开发员,广州·冼村
嵩格,6k-8k,经验1-3年 / 大专,"“五险一金,发展潜力大,绩效奖金,双休”",.NET API开发工程师,广州·冼村
好多车,6k-10k,经验3-5年 / 本科,“专业团队”,.NET软件开发工程师,广州·冼村
知人科技,6k-12k,经验1-3年 / 大专,"“双休,五险一金,团队年轻”",.NET开发工程师,广州·冼村
微创,12k-18k,经验3-5年 / 本科,“交通便利”,.NET开发工程师,广州·冼村
中圣智彩,10k-20k,经验1-3年 / 大专,“成长空间大，发展前景好”,.NET工程师,广州·冼村
九州通医药集团股份有限公司,6k-12k,经验3-5年 / 大专,“双休+免费三餐+五险一金，发展前景好”,.NET研发工程师,武汉·汉阳区
衡泰软件,10k-15k,经验3-5年 / 本科,"“.net,C#”",.net开发工程师,武汉·汉阳区
百得思维,6k-10k,经验1-3年 / 本科,"“五险一金,班车食堂,发展待遇好,年终奖”",.net开发,武汉·汉阳区
笑溢网络,12k-18k,经验3-5年 / 大专,"“大牛带队,老板逗比,氛围轻松,没事就聚嗨”",C#/.NET开发工程师,武汉·汉阳区
上海钢银,13k-20k,经验3-5年 / 本科,“带薪年假 员工旅游 工作氛围轻松愉快”,.NET开发工程师,武汉·汉阳区
720,5k-9k,经验1-3年 / 不限,"“五险,双休,餐补,交通补贴”",.NET研发工程师,武汉·汉阳区
上海青客,20k-27k,经验5-10年 / 本科,“年终奖，项目奖，住房补贴，办公环境”,高级net开发工程师,武汉·汉阳区
辰运软件,8k-16k,经验3-5年 / 大专,"“技术氛围浓,交补餐补,五险一金,双薪奖金”",asp.net高级软件工程师,武汉·汉阳区
华住酒店集团,12k-20k,经验3-5年 / 大专,"“上市公司,股票期权,年终奖,节假日福利”",.NET研发工程师,武汉·汉阳区
Symbio-Freeborders,10k-12k,经验3-5年 / 本科,"“加班少,人性化,老板好,项目稳定”",Net 开发工程师(南山智园),武汉·汉阳区
山东全息,6k-10k,经验1-3年 / 大专,"“周末双休,年底双薪,带薪年假,弹性工作”",.NET开发工程师,武汉·汉阳区
成都投资公司,8k-10k,经验3-5年 / 大专,"“带薪年假,周末双休,弹性工作”",.NET工程师,武汉·汉阳区
徐州纵游,3k-6k,经验不限 / 不限,"“五险一金,朝九晚六,年度旅游,年终奖”",.net程序员,武汉·汉阳区
EPNET,10K-15K,经验1-3年 / 本科,"“成长空间大,待遇优厚,团队凝聚力”",.NET软件工程师,武汉·汉阳区
广州健联,6k-8k,经验1-3年 / 大专,"“周末双休,下午茶,五险一金,年度旅游”",.net初级开发工程师,武汉·汉阳区
百得思维,9k-15k,经验3-5年 / 本科,"“2-5年终,五险一金,餐补食堂,班车油补”",.net开发工程师,合肥·高新区
云房数据,8k-12k,经验1-3年 / 大专,“发展前景、技术人员、年终奖、十三薪”,.net高级开发工程师,合肥·高新区
上海青客,15k-20k,经验3-5年 / 本科,“加班奖励，年终奖”,.NET开发工程师,合肥·高新区
知网,8k-13k,经验1-3年 / 本科,“五险二金、提供食宿、大平台发展”,asp.net,合肥·高新区
踏浪者,10k-15k,经验1-3年 / 本科,"“五险一金,餐饮补贴,交通发达,年终奖金”",.net开发工程师,合肥·高新区
阿帕网络,8k-10k,经验5-10年 / 大专,"“高薪,双休,期权”",.Net工程师,合肥·高新区
长沙金天鹅软件科技有限公司,6k-8k,经验1-3年 / 本科,"“五险一金,周末双休,年终奖金,专业培训”",.net工程师,合肥·高新区
路路由,15k-25k,经验3-5年 / 大专,“奔向IPO 扁平化管理 新技术尝鲜 技术”,ASP.NET,合肥·高新区
Gridsum 国双,10k-15k,经验1-3年 / 本科,“六险一金、弹性工作、奖金丰厚、技术牛人多”,初级.NET工程师,合肥·高新区
福建省凯洛酒庄投资有限公司,7k-10k,经验1-3年 / 大专,“专业技术总监指导，公司技术负责人培养方向”,.NET,合肥·高新区
金证股份,8k-14k,经验1-3年 / 本科,"“上市公司,办公环境好,年度旅游,五险一金”",.net开发工程师,合肥·高新区
大宇宙,6k-9k,经验3-5年 / 大专,"“五险一金,带薪休假,福利好,晋升快”",.NET软件开发工程师,合肥·高新区
广州健联,8k-11k,经验3-5年 / 大专,"“周末双休,年度旅游,五险一金,美女多”",.net中级开发工程师,合肥·高新区
敢为软件,8k-10k,经验3-5年 / 本科,"“物联网,.net,软件工程师”",高级.NET开发工程师,合肥·高新区
盟拓软件（苏州）有限公司,9k-15k,经验3-5年 / 本科,“竞争性的薪资体系，广阔的职业平台”,.Net资深开发工程师,合肥·高新区
众禄基金,18k-25k,经验1年以下 / 大专,"“互联网金融,高速发展,五险一金,金融中心”",python工程师,深圳·笋岗
知乎,15k-30k,经验3-5年 / 本科,“薪资优厚、氛围宽松、每日三餐、六险一金”,Python开发工程师,深圳·笋岗
今日头条,20k-35k,经验1-3年 / 本科,“六险一金，高薪期权，弹性工作，免费三餐，租房补贴，休闲下午茶，扁平管理，团队氛围好，优厚薪资”,python开发工程师,深圳·笋岗
Veeva,25k-35k,经验5-10年 / 本科,"“纽交所上市,云计算,SaaS,股票”",高级Python工程师,深圳·笋岗
盖威,14k-20k,经验3-5年 / 本科,“福利待遇好”,Python开发工程师,深圳·笋岗
1Token.Trade,10k-20k,经验1-3年 / 本科,"“时间自由,技术先进,区块链”",python 开发工程师,深圳·笋岗
多点Dmall,10k-20k,经验3-5年 / 本科,"“平台大,福利好,氛围好,互联网电商”",Python开发工程师,深圳·笋岗
北蚁,10k-15k,经验5-10年 / 大专,"“五险一金,休闲餐点,员工聚餐”",Python高级开发工程师,深圳·笋岗
颉一软件,10k-15k,经验3-5年 / 本科,"“发展空间大,公司氛围好,员工股权,管理规范”",Python开发工程师,深圳·笋岗
NewsJet,25k-45k,经验3-5年 / 本科,"“Geek范,清华系,福利待遇好,股票期权”",高级Python开发工程师,深圳·笋岗
515游戏,15k-25k,经验3-5年 / 大专,"“国内外旅游,五险一金,任性下午茶,年终奖金”",Python,深圳·笋岗
联想集团,13k-20k,经验3-5年 / 本科,“大平台，发展前景好”,python开发工程师,深圳·笋岗
瓜子二手车直卖网,20k-30k,经验1-3年 / 本科,“核心项目 BI方向 等你来挑战”,Python,深圳·笋岗
蛋壳公寓,15k-30k,经验3-5年 / 本科,“领导nice，发展空间大，六险一金”,python工程师,深圳·笋岗
钱方好近,25k-30k,经验3-5年 / 本科,“六险一金，带薪年假，年度体检，自由氛围。”,Python开发工程师,深圳·笋岗
众禄基金,18k-25k,经验1年以下 / 大专,"“互联网金融,高速发展,五险一金,金融中心”",python工程师,深圳·笋岗
钱方好近,25k-30k,经验3-5年 / 本科,“六险一金，带薪年假，年度体检，自由氛围。”,Python开发工程师,深圳·笋岗
趣头条,20k-35k,经验3-5年 / 大专,"“六险一金,平均16薪,餐补,弹性上班”",Python开发工程师,深圳·笋岗
京东金融,25k-50k,经验5-10年 / 本科,“餐补+年终奖+良好的晋升空间”,Python研发工程师,深圳·笋岗
Yi+,20k-40k,经验1-3年 / 本科,"“股票期权,绩效奖金,晋升空间,技术大牛”",Python/Golang开发工程师,深圳·笋岗
学堂在线,15k-25k,经验3-5年 / 本科,“股票期权，五险一金，交补餐补，零食水果”,Python开发工程师,深圳·笋岗
Minieye,15k-30k,经验1-3年 / 本科,"“无人驾驶,车厂合作,扁平化管理,股票期权”",python工程师,深圳·笋岗
微车,20k-30k,经验3-5年 / 本科,“一日三餐、带薪年假、弹性工作、六险一金”,Python高级开发工程师,深圳·笋岗
好未来,20k-40k,经验3-5年 / 本科,"“六险一金,绩效奖金,14薪,零食水果”",Python开发,深圳·笋岗
会分期,15k-30k,经验3-5年 / 本科,"“股票期权,弹性工作制,行业龙头,地铁周边”",python开发工程师,深圳·笋岗
BitBays,15k-30k,经验不限 / 本科,"“技术大牛,弹性工作,不打卡,福利丰厚”",Python开发工程师,深圳·笋岗
一览科技,20k-40k,经验3-5年 / 本科,“福利优厚”,python开发工程师,深圳·笋岗
一起作业网,20k-40k,经验1-3年 / 本科,“核心项目”,python后端开发工程师,深圳·笋岗
信用飞/首付游,15k-25k,经验1-3年 / 本科,"“年轻团队,扁平管理,弹性工作,简单透明”",Python开发工程师,深圳·笋岗
目睹直播,10k-15k,经验1-3年 / 本科,"“团队年轻,行业排名前,高绩效,不加班”",python工程师,深圳·笋岗
Juwai,20k-30k,经验3-5年 / 本科,“氛围好”,Python开发／后端软件工程师.,上海·虹口区
极验,9k-18k,经验3-5年 / 不限,“双休+弹性工作制+五险一金+餐补”,Python（极验验证）,上海·虹口区
航仕科技,20k-35k,经验3-5年 / 本科,“BAT的薪资福利待遇，更有技术大牛传授技术”,Python开发,上海·虹口区
找钢网,20k-40k,经验5-10年 / 本科,"“午餐补助,五险一金,绩效奖金,节日礼物”",Python开发工程师,上海·虹口区
Veeva,25k-35k,经验5-10年 / 本科,"“纽交所上市,云计算,SaaS,股票”",资深Python开发工程师,上海·虹口区
掌贝（云移科技）,12k-18k,经验3-5年 / 大专,“五险一金 定期培训 年度体检 生日福利”,python开发工程师,上海·虹口区
楼盘网,6k-10k,经验1-3年 / 大专,"“互联网行业,朝九晚五,2次加薪,五险”",python中级开发工程师,上海·虹口区
紫川软件,8k-14k,经验1-3年 / 本科,“周末双休 免费体检 员工旅游 五险一金”,python工程师,上海·虹口区
优识云创,15k-25k,经验3-5年 / 本科,"“14薪,五险一金,地铁周边,扁平化管理”",Python开发工程师,上海·虹口区
探知数据,10k-20k,经验1-3年 / 本科,"“年底双薪,地铁周边,期权激励,弹性工作”",Python开发工程师,上海·虹口区
阿基米德fm,15k-22k,经验1-3年 / 本科,“五险一金、补充公积金、13薪、饭贴”,Python软件开发工程师,上海·虹口区
拍拍贷,12k-24k,经验3-5年 / 本科,“晋升空间大、福利好”,python工程师,上海·虹口区
博奥特科技,10k-15k,经验1-3年 / 大专,"“晋升空间大,五险一金”",Python开发工程师,上海·虹口区
哈哈便利,15k-30k,经验3-5年 / 本科,"“创业公司,空间大,氛围好”",Python开发工程师,上海·虹口区
乐易网络,15k-30k,经验3-5年 / 本科,"“海外手游,高配团队,两次调薪,年终奖”",Python,上海·虹口区
妙计旅行,8k-16k,经验1-3年 / 本科,"“晋升空间,免费三餐,福利待遇好”",Python工程师,北京·安定门
郑州创恒实业有限公司,5k-10k,经验1-3年 / 大专,"“周末双休,年底双薪,全勤奖,外出旅游”",Python开发工程师,北京·安定门
问卷网@爱调研,15k-25k,经验3-5年 / 本科,"“带薪年假,五险一金,期权奖励,定期体检”",Python开发,北京·安定门
省钱快报,15k-30k,经验1-3年 / 本科,“海量数据、氛围轻松、项目奖金”,Python,北京·安定门
罗辑思维,15k-30k,经验不限 / 不限,"“六险一金,大咖云集”",Python开发工程师,北京·安定门
闪银奇异,15k-30k,经验3-5年 / 本科,"“团队牛人多,年终奖丰厚,晋升调薪,全五险一金”",中高级Python开发,北京·安定门
壤歌,12k-24k,经验3-5年 / 不限,"“技术氛围,技术驱动,氛围年轻,福利多”",Python,北京·安定门
江苏亿科达,8k-15k,经验3-5年 / 大专,"“五险一金,过节费,旅游,体检”",Python工程师,北京·安定门
果雪科技,15k-30k,经验3-5年 / 本科,"“技术牛,福利好,氛围好,老板牛”",Python 工程师,北京·安定门
坤亿科技,14K-15K,经验3-5年 / 本科,“弹性工作 大型美资企业”,python开发工程师,北京·安定门
达达-京东到家,15k-25k,经验1-3年 / 本科,“平台稳定，团队快速发展”,后端python工程师,北京·安定门
物灵,15k-30k,经验3-5年 / 本科,"“人工智能,万物有灵,黑科技,硅谷范”",python研发工程师,北京·安定门
Veeva,25k-35k,经验5-10年 / 本科,"“纽交所上市,云计算,SaaS,股票”",资深Python工程师,北京·安定门
五星电器,7k-12k,经验1-3年 / 本科,“五险一金 工作氛围好 SAP上线中 双休”,Python开发工程师,北京·安定门
学堂在线,15k-25k,经验1-3年 / 本科,“来吧，与技术大牛过招吧！”,Python工程师,北京·安定门
妙计旅行,8k-16k,经验1-3年 / 本科,"“免费三餐,晋升空间,福利待遇好”",Python,北京·安定门
五星电器,7k-12k,经验1-3年 / 本科,“五险一金 工作氛围好 SAP上线中 双休”,Python开发工程师,北京·安定门
学堂在线,15k-25k,经验1-3年 / 本科,“来吧，与技术大牛过招吧！”,Python工程师,北京·安定门
网易游戏,12k-18k,经验1-3年 / 本科,"“16薪,氛围好,团队氛围好,发展空间大”",Python开发工程师-我的世界,北京·安定门
点融网,20k-40k,经验3-5年 / 本科,"“前景好,福利好”",高级python开发工程师-SH415-41509,北京·安定门
多点Dmall,15k-30k,经验3-5年 / 本科,“1亿美金天使轮，互联网创业公司中的富二代”,（北京）Python开发工程师,北京·安定门
一土科技,15k-30k,经验3-5年 / 不限,"“有期权,15天年假,工作餐,成长基金”",Python 开发工程师,北京·安定门
北京中铁信,15k-30k,经验3-5年 / 本科,“前景好，平台广阔，福利完善”,Python 中级研发工程师,北京·安定门
北京天融信公司,10k-15k,经验1-3年 / 本科,"“七险一金,年终奖,带薪年假,带薪病假”",python开发工程师,北京·安定门
NaturLing教育科技,15k-25k,经验3-5年 / 本科,"“弹性工作,硅谷文化,国际化团队,股权激励”",资深Python研发工程师,北京·安定门
颉一软件,10k-15k,经验3-5年 / 大专,"“A轮,福利待遇好,发展空间大,人人持股”",Python工程师,北京·安定门
泛微,8k-12k,经验1-3年 / 大专,"“上市公司,免费三餐,员工旅游,健身房”",运维工程师（python）,北京·安定门
The ONE,20k-30k,经验3-5年 / 本科,"“免费午晚餐,五险一金,交补,年终奖”",python,北京·安定门
博云,10k-20k,经验1-3年 / 本科,"“Linux,pytho,自动化”",python开发工程师,北京·安定门
TalkingData,20k-30k,经验不限 / 本科,"“大数据,独角兽,技术成长,行业大牛”",Python工程师J10008,北京·安定门
大东车慧,20k-30k,经验3-5年 / 大专,"“五险一金,绩效奖金,年底双薪,员工旅游”",资深Node.js开发工程师,深圳·莲塘
科维睿创,15k-30k,经验3-5年 / 不限,"“工资高,福利好,双休,加班少”",node.js,深圳·莲塘
SENSORO,15k-30k,经验5-10年 / 本科,"“期权激励,六险一金,氛围好,领导好”",高级Node.js开发工程师,深圳·莲塘
iHealth,13k-25k,经验1-3年 / 本科,“节日礼物 年底双薪 绩效资金 岗位晋升”,node.js开发工程师,深圳·莲塘
回收宝,18k-22k,经验3-5年 / 本科,"“腾讯系团队,大牛导师多,发展前景好,薪资待遇好”",Node.js开发工程师,深圳·莲塘
LEANIOT,15k-30k,经验3-5年 / 本科,"“弹性工作,周末双休”",Node.js工程师,深圳·莲塘
网飞翔,8k-15k,经验3-5年 / 本科,"“工作氣氛好,周末双休,大牛團隊,美女”",Node.js 开发工程师,深圳·莲塘
多牛传媒,10k-15k,经验3-5年 / 本科,"“五险一金,带薪年假,培训晋升,零食饮料”",Node.js开发工程师-DNJS0006,深圳·莲塘
浙江冰峰,15k-25k,经验1-3年 / 大专,"“带薪假,五险一金,节日福利,员工活动”",服务器开发（Node.js）,深圳·莲塘
Rela热拉-新女性社区,12k-20k,经验1-3年 / 本科,“弹性工作，团队福利好，期权激励，绩效奖金”,Node.js 软件工程师,深圳·莲塘
花信科技,15k-25k,经验3-5年 / 不限,"“每年境外游,双休,项目有趣,压力不大”",Node.js研发工程师,深圳·莲塘
millwonder,6k-12k,经验不限 / 不限,"“不打卡,英文,年终奖,五险一金”",Node.js,深圳·莲塘
编程猫,12k-24k,经验1-3年 / 本科,“国际团队、零食水果、好玩！”,Node.js,深圳·莲塘
国泰思科THINK CHINA,15k-25k,经验1-3年 / 大专,"“与国际接轨,带薪年假,周末双休,几乎不加班”",高级 Node.js 开发工程师,深圳·莲塘
汉佳科技,6k-10k,经验不限 / 大专,"“福利多,带薪休假,年底双薪”",Node.js工程师,深圳·莲塘
UCloud,25k-35k,经验5-10年 / 本科,"“六险一金,弹性工作,年终旅游,技术挑战”",资深Node.js开发工程师,上海·长阳路
一起写,15k-30k,经验不限 / 本科,"“高薪高期权,硅谷视野,包吃包玩,福利多”",Node.js开发工程师,上海·长阳路
齐聚科技（原呱呱视频）,15k-25k,经验3-5年 / 本科,"“五险一金,餐补年终奖,弹性工作,游戏”",服务器端开发工程师（Node.js）,上海·长阳路
网易,15k-25k,经验3-5年 / 本科,"“网易游戏,海外项目”",高级Node.js开发工程师-,上海·长阳路
源达投顾,25k-40k,经验3-5年 / 本科,"“带薪年假,五险一金,餐补”",服务器开发工程师（精通Node.js）,上海·长阳路
上海拿米金服,15k-25k,经验3-5年 / 大专,"“福利多,假期多,弹性工作制”",Node.js开发工程师,上海·长阳路
信物互联,15K-30K,经验3-5年 / 本科,“区块链朝阳行业、技术氛围浓、薪资福利好”,node.js开发工程师,上海·长阳路
蚂蚁金服集团,20k-40k,经验1-3年 / 本科,"“大阿里,蚂蚁金服,体验技术”",Node.js 开发工程师,上海·长阳路
Rokid,15k-25k,经验3-5年 / 本科,"“股票期权,弹性工作,顶尖技术,福利多多”",高级node.js开发工程师／node.js开发专,上海·长阳路
国泰思科THINK CHINA,10k-20k,经验1-3年 / 大专,"“与国际接轨,带薪年假,周末双休,几乎不加班”",Web 应用开发工程师/Node.js 开发工程师,上海·长阳路
悦然心动,10k-20k,经验1-3年 / 本科,"“千万级用户,扁平管理,极客思维,工程师文化”",Node.js 后端开发工程师,上海·长阳路
时空娱乐,15k-25k,经验3-5年 / 本科,“公司前景好 开放式办公环境 扁平化管理”,Node.JS Engineer,上海·长阳路
上海豆子网络科技有限公司,12k-18k,经验3-5年 / 本科,"“公司发展好,项目佳,福利好,氛围好”",node.js后端开发工程师,上海·长阳路
云派游戏,15k-25k,经验1-3年 / 本科,"“六险一金,上升空间,紧邻地铁,弹性工作”",Node.js后端开发,上海·长阳路
Energolabs,10k-13k,经验不限 / 本科,"“国际化,福利好”",node.js,上海·长阳路
UCloud,25k-35k,经验5-10年 / 本科,"“六险一金,弹性工作,年终旅游,技术挑战”",高级Node.js开发工程师,上海·长阳路
上海拿米金服,15k-25k,经验3-5年 / 大专,"“福利多,假期多,弹性工作制”",Node.js开发工程师,上海·长阳路
AdMaster,20k-40k,经验3-5年 / 本科,"“优秀团队,大有可为,技术领先,行业领先”",node.js后端工程师,上海·长阳路
大唐互娱,18k-30k,经验3-5年 / 本科,"“领导好,绩效奖金,每月团建,六险一金”",Node.js开发工程师,上海·长阳路
所问数据,15k-25k,经验3-5年 / 大专,"“五险一金,上班不打卡,扁平化管理,前沿行业”",node.js后端开发工程师,上海·长阳路
天机数据,15k-25k,经验3-5年 / 本科,"“五险一金,补充医疗,带薪年假,定期体检”",Node.js开发工程师,上海·长阳路
终极天橙,15K-30K,经验3-5年 / 本科,“六险一金，年底奖金，弹性工作，谷歌系团队”,node.js后端开发工程师,上海·长阳路
Makeblock,15k-25k,经验1-3年 / 本科,"“智能硬件,团队氛围好,灵活工作,开放环境”",Node.JS后台开发工程师,上海·长阳路
衣二三,20k-35k,经验3-5年 / 本科,“福利待遇好 美女如云 技术大牛”,node.js开发工程师,上海·长阳路
Video++,20k-30k,经验3-5年 / 本科,"“直播,点播,电商,AI”",Node.js后端开发工程师（V7500）,上海·长阳路
华制智能制造技术有限公司,10k-20k,经验不限 / 大专,"“超级风口,超强团队,超多大牛,扁平管理”",Node.js开发工程师,上海·长阳路
逗拍,10k-20k,经验不限 / 大专,"“年底双薪,年终奖,午餐下午茶,出国旅游”",Node.js后端开发工程师,上海·长阳路
时速云,15k-30k,经验3-5年 / 本科,"“顶级团队,资金充足,工程师文化,丰厚期权”",Node.js 后端工程师,上海·长阳路
RingCentral厦门研发中心,12k-24k,经验1-3年 / 本科,"“硅谷企业,大牛同事,薪酬福利,发展空间”",Node.js Engineer,上海·长阳路
安唐科技,8k-15k,经验1-3年 / 不限,“会的越多，学的越多，成长越快”,Node.js,上海·长阳路
UCloud,15k-25k,经验3-5年 / 本科,"“六险一金,弹性工作,年终旅游,技术挑战”",中级Node.js开发工程师,上海·长阳路
博纳,10k-15k,经验1-3年 / 大专,"“五险一金,带薪年假,周末双休,不定期旅游”",Node.js开发工程师,上海·长阳路
灵兮科技,7k-14k,经验1-3年 / 本科,"“弹性时间,氛围平等,自主空间,公司前景”",Node.js,上海·长阳路
晓太阳,15k-25k,经验3-5年 / 本科,"“创业公司,快速成长,清洁能源,真格基金”",Node.js 工程师,上海·长阳路
深圳市盛阳科技有限公司,15k-25k,经验5-10年 / 本科,“发展好”,Node.js开发工程师,上海·长阳路
深圳道乐,5k-9k,经验1-3年 / 本科,"“五险一金,周末双休,晋升快,扁平化管理”",后台开发（Node.js）,上海·长阳路
datafountain,20k-35k,经验5-10年 / 本科,"“14薪,弹性工作,奖金丰厚,海外游”",急聘-Node.js工程师,上海·长阳路
竞技世界,15k-30k,经验5-10年 / 本科,“大牛云集，13-15薪，春节半月假”,服务器开发（Node.js),上海·长阳路
亿咖通科技,12k-20k,经验3-5年 / 本科,"“五险一金,年终奖,餐补,通讯补贴”",node.js开发 （后端开发方向）,上海·长阳路
好未来,15k-30k,经验1-3年 / 本科,"“纽交所上市,在线教育,核心产研,直播项目”",直播产品部-服务器开发工程师（懂Node.js）,上海·长阳路
脉冲软件科技,5k-10k,经验3-5年 / 不限,"“大牛多,节日福利,弹性工作,不打卡”",Node.js高级工程师,上海·长阳路
爱贝睿,15k-25k,经验3-5年 / 本科,"“五险一金,弹性工作制,免费零食水”",node.js高级工程师,上海·长阳路
店达信息,20k-25k,经验3-5年 / 大专,"“产品牛,团队牛,拒绝996,定期团建”",高级研发岗位Node.js,上海·长阳路
兰邻科技,7k-12k,经验1年以下 / 大专,"“五险一金,弹性工时,员工旅游,假日福利”",node.js工程师,上海·长阳路
中金易购,8k-15k,经验3-5年 / 大专,"“双休,办公环境舒,交通便捷,福利健全”",Node.js开发工程师,上海·长阳路
帆软软件,10k-15k,经验不限 / 本科,“成熟公司创业氛围”,Node.js（简道云产品后台开发）,无锡
大唐互娱,20k-35k,经验3-5年 / 本科,"“领导亲切,团建活动,零食水果,年底双薪”",node.js高级开发工程师,无锡
江苏兆米,8k-16k,经验1-3年 / 不限,“有技术大拿，疯狂的运营，优秀的资源资本”,Node.js 程序猿,无锡
LendingCar,8k-12k,经验1-3年 / 大专,"“五险一金,不加班,员工旅游”",Node.js开发工程师,无锡
多媒体处理技术,10k-15k,经验不限 / 本科,"“大牛带队,年轻团队”",Node.js 开发工程师,无锡
好未来,35k-60k,经验5-10年 / 本科,"“上市公司,大牛团队,福利优厚,晋升空间大”",Node.js研发架构师,无锡
图普科技（深度学习图像识别云）,20k-30k,经验5-10年 / 本科,"“人工智能,高速发展,弹性工作,周末双休”",高级Node.js后端研发工程师,无锡
Video++,20k-30k,经验3-5年 / 本科,"“直播,点播,电商,AI”",Node.js后端开发工程师（V7500）,无锡
搜游网络,15k-30k,经验3-5年 / 本科,"“游戏引擎,H5游戏,性能之王”",Node.js服务器开发工程师,无锡
北京花花草草科技有限公司,20k-30k,经验3-5年 / 大专,“公司发展前景广阔/个人晋升空间大/鲜花办公”,node.js,无锡
多棱镜,9k-18k,经验3-5年 / 本科,"“弹性工作,生日礼物,节日礼物,团建活动”",Node.js开发工程师,无锡
浙江冰峰,10k-15k,经验1-3年 / 大专,"“五险一金,绩效奖金,带薪年假,员工体检”",Node.js服务器程序,无锡
夸克链,20k-30k,经验3-5年 / 本科,"“高薪酬,空间大”",Node.js后台开发工程师,无锡
Followme,15k-30k,经验1-3年 / 本科,"“绩效奖金,弹性工作,节日福利,团队气氛佳”",Node.js开发工程师,无锡
乐活邦科技（成都）有限公司,8k-12k,经验3-5年 / 大专,"“薪酬丰厚,弹性工作,聚餐,红包”",Node.js,无锡
搜狗,20k-40k,经验3-5年 / 本科,“极客氛围，团队配合默契，发展空间大”,搜狗输入法-Golang高级开发,北京·五道口
360,15k-25k,经验3-5年 / 不限,“发展前景好”,go语言开发工程师,北京·五道口
光量科技,15k-30k,经验1-3年 / 本科,"“行业先锋,快速发展,优秀团队,灵活开放”",Golang开发工程师,北京·五道口
凤凰网,15k-25k,经验不限 / 本科,"“八险一金,年底多薪,各种补助,假期多多”",Golang开发工程师,北京·五道口
快手,15k-30k,经验3-5年 / 本科,"“公司发展好,技术氛围浓,免费健身房,包午晚餐”",Golang高级研发工程师J10455,北京·五道口
滴滴出行,20k-40k,经验3-5年 / 本科,"“竞争力薪酬,牛人多,发展快,福利好”",核心出行PHP/GO开发工程师,北京·五道口
游族网络,18k-25k,经验3-5年 / 不限,"“发展空间大,工作氛围好,精英团队”",Go开发工程师,北京·五道口
云账户,20k-40k,经验不限 / 本科,"“技术大牛,弹性工作,带薪年假,年终分红”",Golang工程师,北京·五道口
杭州溜达,10k-20k,经验5-10年 / 本科,“全额公积金、节日福利、双休、快速发展”,golang 开发工程师,北京·五道口
时速云,15k-30k,经验不限 / 本科,"“顶级团队,资金充足,工程师文化,扁平管理”",Golang工程师,北京·五道口
ZingFront智线,8k-10k,经验1-3年 / 本科,"“五险一金,补充医疗险,带薪年假,房租补贴”",GO中级工程师,北京·五道口
深图智服DEEPIR,7k-12k,经验不限 / 本科,“前沿技术，快速成长。”,Go工程师,北京·五道口
任你说,15K-25K,经验1-3年 / 本科,“五险一金 智能硬件 技术前沿”,golang开发,北京·五道口
360企业安全,15k-30k,经验3-5年 / 本科,“妹子多，大牛多，交通方便，地铁口出来就到”,Golang开发工程师,北京·五道口
AdMaster,20k-30k,经验3-5年 / 本科,"“优秀团队,大有可为,技术领先,行业领先”",golang开发工程师,北京·五道口
Rela热拉-新女性社区,15k-25k,经验3-5年 / 本科,“期权鼓励，弹性工作，领导好，五险一金”,Go软件工程师,上海·人民广场
中邮速递易,20k-28k,经验3-5年 / 大专,“平台大”,GO 开发工程师,上海·人民广场
滴滴出行,20k-40k,经验1-3年 / 本科,“大平台”,Golang开发工程师-平台技术,上海·人民广场
竞技世界,15K-30K,经验3-5年 / 本科,“大牛云集，固定调薪，国内外出游，领导好”,服务器开发工程师（nodejs/java/python/go,上海·人民广场
Game.com,20k-35k,经验1-3年 / 本科,"“团队氛围好,进步空间大,技术新,产品有发展”",Golang工程师,上海·人民广场
顺网科技,15k-25k,经验3-5年 / 本科,"“上市公司,发展空间大,团队优秀”",Go语言开发工程师,上海·人民广场
哈罗单车,20k-40k,经验3-5年 / 本科,“年底双薪”,golang开发工程师,上海·人民广场
微事博,20k-30k,经验3-5年 / 本科,"“合资企业,项目超前,发展稳固,员工成长快”",golang工程师,上海·人民广场
瓜子二手车直卖网,20k-40k,经验3-5年 / 本科,“基础架构 团队高效 弹性时间 待遇丰厚”,golang,上海·人民广场
FunPlus 趣加游戏,20k-40k,经验5-10年 / 本科,"“爱心早餐,超长年假,绩效奖金,出国旅游”",高级GO/PHP 语言服务器端开发工程师,上海·人民广场
罗辑思维,20k-40k,经验3-5年 / 本科,"“六险一金,弹性工作,年度体检,企业医生”",Golang 开发工程师,上海·人民广场
飞渔科技,15k-25k,经验5-10年 / 本科,"“技术牛人多,薪资福利全”",golang工程师,上海·人民广场
一下科技,25k-50k,经验3-5年 / 本科,“e轮融资5亿美金 高并发 用户量大”,Go高级开发工程师,上海·人民广场
任你说,15K-25K,经验1-3年 / 本科,"“技术前沿,团队氛围好”",golang开发,上海·人民广场
SpeedyCloud,15k-30k,经验3-5年 / 本科,"“补充医疗,项目奖金,技术挑战”",golang 研发工程师,上海·人民广场
罗辑思维,25k-50k,经验3-5年 / 本科,"“弹性工作,定期体检,补充医疗,氛围活跃”",Golang / PHP 后端开发工程师,北京·大望路
涂鸦智能,15k-25k,经验1-3年 / 本科,"“五险一金,行业前景好,氛围轻松,精英团队”",Golang,北京·大望路
爱奇艺,15k-30k,经验3-5年 / 本科,"“技术氛围佳,技术大牛多,高绩效,多福利”",Go语言开发工程师,北京·大望路
畅聊天下,15k-30k,经验不限 / 本科,"“B轮,IPO,扁平化管理,绩效奖金”",Golang语言开发工程师,北京·大望路
斗鱼直播,14k-28k,经验3-5年 / 本科,"“大牛多,福利好”",高级golang开发工程师,北京·大望路
聚美优品,18k-25k,经验5-10年 / 本科,"“五险一金,餐饮补贴,项目奖金”",Golang工程师,北京·大望路
嘉简科技,7K-10K,经验1-3年 / 本科,“年底奖金、职位发展”,Go/Golang开发工程师,北京·大望路
DataHunter,18k-36k,经验3-5年 / 本科,"“13薪,项目奖金,不打卡”",高级go开发,北京·大望路
广州顶域,6k-12k,经验1-3年 / 大专,"“无加班,带薪年假,旅游”",golang开发工程师,北京·大望路
趣头条,15k-25k,经验1-3年 / 本科,“发展空间”,Golang,北京·大望路
艾润物联,9k-16k,经验3-5年 / 大专,“竞争力的薪资，弹性工作时间和开放办公环境”,Go,北京·大望路
快乐迭代,15k-30k,经验不限 / 本科,"“地铁周边,带薪年假,移动互联网,股票期权”",Go 工程师,北京·大望路
金山云,20k-40k,经验不限 / 本科,"“六险一金,免费健身,免费三餐,定期旅游”",Golang工程师,北京·大望路
滴滴出行,25k-50k,经验3-5年 / 本科,"“薪酬高,福利好”",Golang开发工程师,北京·大望路
ZingFront智线,8k-12k,经验1-3年 / 本科,“带薪年假+福利多+办公环境好+氛围自由开放”,Go 中级工程师,北京·大望路
斗鱼直播,13k-22k,经验3-5年 / 本科,"“大牛多,福利好”",高级golang开发工程师,武汉·关山
ZingFront智线,8k-12k,经验1-3年 / 本科,"“五险一金,带薪年假,弹性工作,节日福利”",GO中级工程师,武汉·关山
乐惠,15k-30k,经验3-5年 / 本科,"“技术大牛,团队氛围好,弹性工作,福利待遇佳”",Golang工程师,武汉·关山
ezbuy,10k-20k,经验1-3年 / 大专,"“项目奖,期权,弹性办公,跨境电商”",GO开发工程师,武汉·关山
咕咚,10k-14k,经验1-3年 / 本科,“行业标杆、平台大、团队nice、薪酬给力”,Golang研发工程师,武汉·关山
TOPGAME,20k-35k,经验3-5年 / 本科,"“周末双休,弹性工作,带薪年假,员工旅游”",Golang 开发工程师,武汉·关山
滴滴出行,15k-25k,经验不限 / 不限,“广阔平台、极速成长、诱人福利”,Golang开发工程师-平台技术(J170525466),武汉·关山
德姆斯,12k-24k,经验3-5年 / 本科,"“弹性工作,绩效奖金,周末双休,五险一金”",Golang 软件工程师,武汉·关山
DataHunter,18k-36k,经验3-5年 / 本科,"“年底双薪,交通补助,设备补助,期权奖励”",高级Go工程师,武汉·关山
一亩田,15k-30k,经验1-3年 / 本科,"“福利待遇好,办公环境舒,技术大牛”",GO开发工程师,武汉·关山
BitBays,15k-30k,经验1-3年 / 本科,"“发展空间大,机遇挑战多,待遇优厚”",Go开发工程师,武汉·关山
趣头条,15k-30k,经验3-5年 / 本科,"“15薪,带薪年假”",golang了开发工程师,武汉·关山
广州盛世彩,13k-18k,经验1-3年 / 大专,"“弹性工作,带薪年假,五险一金,节日福利”",golang开发工程师,武汉·关山
七牛云,20k-30k,经验1-3年 / 本科,“五险一金 补充医疗 弹性工作 零食饮料畅饮”,​Golang开发工程师,武汉·关山
Yi+,20k-40k,经验1-3年 / 本科,"“股票期权,绩效奖金,晋升空间,技术大牛”",Python/Golang开发工程师,武汉·关山
滴滴出行,15k-25k,经验不限 / 不限,“高薪”,Golang开发工程师-平台技术(J170525421),北京·西北旺
科大讯飞,8k-16k,经验1-3年 / 本科,“上市公司 公司福利高”,GO研发工程师,北京·西北旺
复临科技,15k-25k,经验1-3年 / 本科,"“周末双休,六险一金,下午茶,年度体检”",Go工程师,北京·西北旺
ezbuy,13k-20k,经验1-3年 / 本科,"“五险一金,项目奖金,弹性工作,期权”",GO开发工程师,北京·西北旺
游族网络,8k-15k,经验1-3年 / 不限,“发展平台好 薪资福利待遇优”,Go语言工程师,北京·西北旺
牛日科技,14k-28k,经验3-5年 / 本科,"“不融资,有挑战,有成长空间”",Go/C++ 后端开发工程师,北京·西北旺
轻松筹,25k-45k,经验3-5年 / 大专,“位置便利 弹性工作 不加班”,Golang开发工程师,北京·西北旺
ZingFront智线,8k-15k,经验1-3年 / 本科,“带薪年假+福利多+办公环境好+氛围自由开放”,Go 中级工程师,北京·西北旺
TalkingData,15k-30k,经验1-3年 / 本科,"“股票期权,弹性时间,水果早餐”",Go语言工程师J10019,北京·西北旺
安兑_信砥信息科技,15k-25k,经验1-3年 / 本科,"“几百亿项目,创新技术,弹性上下班,免费零食”",GO语言工程师,北京·西北旺
慕课网,20k-35k,经验3-5年 / 大专,"“大平台,分成丰厚,持续分成,时间自由”",Golang 讲师,北京·西北旺
平安产险,15k-25k,经验3-5年 / 本科,"“500强,平台大,互联网氛围,开心工作”",golang后端开发,北京·西北旺
任你说,13K-26K,经验3-5年 / 本科,“技术前沿”,golang开发,北京·西北旺
天广汇通,15k-30k,经验3-5年 / 本科,"“五险一金,补充医疗,餐补,定期体检”",Golang开发工程师,北京·西北旺
爱菩新医药科技,8k-12k,经验1-3年 / 大专,"“专利技术多,高成长公司,核心竞争力,管理人性化”",GO语言开发,北京·西北旺
零刻度科技,6k-12k,经验不限 / 不限,“五险一金 员工旅游 绩效奖金 年终奖金”,ASP程序开发,重庆·高笋塘
信程科金,5k-8k,经验1-3年 / 本科,"“五险一金,带薪年假,补贴”",asp工程师,重庆·高笋塘
广州宣盟网络科技有限公司,5K-8K,经验不限 / 不限,"“五险一金,饮料任喝,水果任吃,高逼格环境”",asp技术,重庆·高笋塘
亿网互联,6k-10k,经验3-5年 / 大专,"“双休,保险,班车,午餐”",asp/.net开发工程师,重庆·高笋塘
当下云厨,8K-15K,经验3-5年 / 大专,“五险一金、公司旅游、机会晋升、股份期权”,Asp、.NET程序开发员,重庆·高笋塘
云幕链,8k-10k,经验3-5年 / 大专,"“合伙人制度,五险一金,岗位晋升,高额提成”",ASP（高/中）级研发工程师,重庆·高笋塘
万购地产,7k-14k,经验1-3年 / 大专,"“福利好,领导nic,双休,发挥空间大”",Asp .NET软件开发工程师,重庆·高笋塘
广州移动梦工场投资有限公司,7k-14k,经验不限 / 大专,"“周末双休,定时体检,弹性工作,购买社保”",Asp net工程师,重庆·高笋塘
众意,9k-15k,经验3-5年 / 大专,"“五险一金,餐补,节假日,周末双休”",ASP NET工程师,重庆·高笋塘
精锐教育,15k-25k,经验3-5年 / 本科,"“五险一金,补充医保,专业培训,绩效奖金”",Asp.net开发工程师/BI数据,重庆·高笋塘
广州洲聚,8k-13k,经验1-3年 / 本科,"“下午茶,项目分成,季度奖金”",ASP.NET开发工程师,重庆·高笋塘
点触科技,10k-20k,经验3-5年 / 本科,"“免费班车,免费早餐,五险一金,免费体检”",asp.net开发工程师,重庆·高笋塘
纵横盛世,8k-15k,经验3-5年 / 本科,“五险一金”,asp.net 高级软件工程师,重庆·高笋塘
广州健联,8k-11k,经验3-5年 / 大专,"“周末双休,五险一金,年底分红,年度旅游”",asp.net中级开发工程师,重庆·高笋塘
微创,12k-20k,经验3-5年 / 本科,"“晋升快,环境佳,优秀团队,福利待遇好”",ASP.NET开发工程师 （赴500强BMW）,重庆·高笋塘
零刻度科技,2k-3k,经验不限 / 不限,“弹性工作 专业培训 绩效奖金 年终奖金”,ASP开发助理,重庆·高笋塘
广州健联,6k-8k,经验1-3年 / 大专,"“周末双休,五险一金,年底分红,年底旅游”",asp.net初级开发工程师,重庆·高笋塘
辰运软件,8k-16k,经验3-5年 / 大专,"“技术氛围浓,交补餐补,五险一金,双薪奖金”",asp.net高级软件工程师,重庆·高笋塘
微创,15k-23k,经验5-10年 / 本科,"“五险一金,福利待遇好,优秀团队,晋升空间大”",资深ASP.NET开发工程师 （赴BMW）,重庆·高笋塘
艾美网络科技,11k-16k,经验3-5年 / 大专,"“晋升空间,专业培训,薪酬福利,氛围好”",ASP.NET 开发工程师,重庆·高笋塘
广州洲聚,12k-15k,经验1-3年 / 大专,"“项目分红,大牛团队,氛围好,放假多”",asp.net全栈开发工程师,重庆·高笋塘
上海中软华腾软件系统有限公司,12k-18k,经验3-5年 / 本科,“金融 C# .Net 高级开发”,高级.Net开发（Asp.net）,重庆·高笋塘
资质管家,8k-15k,经验1-3年 / 本科,“网罗程序猿，与产品、推广小伙伴一起创业！”,ASP.NET开发攻城狮,重庆·高笋塘
伟晟科技,3k-6k,经验应届毕业生 / 大专,"“创业,期权”",ASP.Net开发人员,重庆·高笋塘
贷无忧,11k-15k,经验3-5年 / 本科,"“五险一金,带薪年假”",ASP.NET高级研发工程师,重庆·高笋塘
畅游世界,6k-12k,经验不限 / 本科,“游戏开发”,asp.net,重庆·高笋塘
富森供应链,8k-12k,经验1-3年 / 大专,"“五险一金,员工体检,旅游”",ASP.NET软件工程师,重庆·高笋塘
昂鼎信息,10k-20k,经验5-10年 / 不限,"“五险一金,绩效奖金,加班补助,带薪年假”",asp.net技术员,重庆·高笋塘
双胞胎集团,8k-12k,经验1年以下 / 本科,“KCP”,ASP.Net开发工程师,重庆·高笋塘
SUGARMONKEY,10k-15k,经验3-5年 / 不限,"“美女如云,公司氛围好,超长年假,海外旅游”",.NET C# 开发工程师(ASP.NET),重庆·高笋塘
广州健联,12k-18k,经验5-10年 / 大专,"“周末双休,五险一金,年底分红,年度旅游”",asp.net高级开发工程师,广州·三元里
广州洲聚,8k-13k,经验1-3年 / 本科,"“弹性上下班,扁平化管理,下午茶,五险一金”",ASP.NET、C#开发工程师,广州·三元里
资质管家,6k-10k,经验1-3年 / 大专,“大牛指导，1-2年经验，可接受优秀毕业生”,ASP.NET开发,广州·三元里
艾姆诗,5k-8k,经验3-5年 / 大专,"“薪酬,双休,氛围不错,福利不错”",ASP.NET 软件工程师,广州·三元里
艾美网络科技,10k-18k,经验3-5年 / 大专,"“晋升空间,薪酬福利,专业培训,氛围好”",ASP.NET/C# 开发工程师,广州·三元里
环球易购,8k-15k,经验1-3年 / 大专,“上市公司 技术大团队 绩效 激励 年终奖”,Asp.net工程师,广州·三元里
爱科,6k-12k,经验3-5年 / 不限,"“双休,福利,五险一金,旅游”",asp.net 高级开发工程师,广州·三元里
路路由,15k-30k,经验3-5年 / 不限,“奔向IPO 扁平化管理 新技术尝鲜 技术气氛佳”,ASP.NET,广州·三元里
知网,8k-13k,经验1-3年 / 本科,“五险二金、提供食宿、大平台发展”,asp.net,广州·三元里
上海繁易科技,15k-20k,经验3-5年 / 本科,"“弹性工作制,不加班,不打卡,高福利”",asp.net软件开发工程师,广州·三元里
佳禾科技,8k-16k,经验3-5年 / 本科,"“六险一金,绩效奖金,年底双薪,周末双休”",ASP.NET高级开发工程师,广州·三元里
运去哪,8k-15k,经验1-3年 / 大专,"“股权期权,团队氛围好,年终双薪”",asp.net软件工程师,广州·三元里
数夫软件,9k-18k,经验1-3年 / 大专,"“工资由你开,人性化管理,年终有奖金,大发展空间”",ASP.Net开发工程师,广州·三元里
正合网络,7k-14k,经验1-3年 / 大专,"“弹性工作,五险一金,环境好,棋牌游戏”",Asp.Net棋牌后台网站开发工程师,广州·三元里
骆驼服饰,6k-10k,经验3-5年 / 大专,"“社保,,年假,旅游,高薪”",ASP.NET高级开发工程师,广州·三元里
资质管家,8k-16k,经验1-3年 / 本科,“项目有前景，团队有活力，晋升空间大！”,急聘ASP.NET（C#）开发,北京·北京大学
齐聚科技（原呱呱视频）,8k-15k,经验1-3年 / 本科,"“五险一金,弹性工作,餐补年终奖,游戏、直播”",ASP.NET(C#)研发工程师,北京·北京大学
然诺,7k-14k,经验1-3年 / 大专,"“五险一金,带薪年假”",C#/ASP.NET开发工程师,北京·北京大学
高新网络科技,7k-10k,经验1-3年 / 本科,"“弹性工作,社保,高薪资,管理人性化”",asp.net开发工程师,北京·北京大学
艾美网络科技,8k-15k,经验3-5年 / 本科,“发展空间大 福利制度全 逗比同事 nice领导”,asp.net/C# 软件开发工程师,北京·北京大学
杰源网络,8k-15k,经验3-5年 / 大专,"“周末双休,五险一金,带薪年假,交通便利”",ASP.NET(C#)开发工程师,北京·北京大学
景联科技,9k-15k,经验1-3年 / 本科,"“优秀团队,发展平台,五险一金,福利待遇好”",Asp.net开发工程师,北京·北京大学
厦门仁聚,8k-12k,经验1-3年 / 不限,"“双休,13薪,旅游,节日补贴”",c# asp.net 软件开发工程师,北京·北京大学
运去哪,14k-18k,经验3-5年 / 大专,"“五险一金,全薪病假,全勤奖励,午餐补助”",asp.net软件工程师,北京·北京大学
广州市云润大数据,6k-12k,经验1-3年 / 大专,"“五险一金,周末双休,带薪年假,岗位晋升”",Asp.Net软件工程师,北京·北京大学
致一科技,6k-10k,经验1-3年 / 大专,“五险一金、双休、下午茶等福利齐全”,ASP.NET研发工程师,北京·北京大学
珠海优特科技,7k-13k,经验3-5年 / 本科,“专业能力提升空间大”,IT软件（ASP.net）,北京·北京大学
华螺网公司,7k-10k,经验1-3年 / 大专,“双休、年终双薪、内训、旅游；”,Asp.NET,北京·北京大学
普瑞特,4k-8k,经验1-3年 / 大专,"“五险一金,年度旅游,团队建设,完善晋升通”",asp.net开发工程师,北京·北京大学
纵索科技,6k-12k,经验3-5年 / 大专,"“周末双休,五险一金,假日福利,弹性工作”",ASP.NET开发工程师,北京·北京大学
EXMobile,4k-8k,经验不限 / 本科,“有经验丰富的人带！以后可以成为后端高手！”,ASP.NET工程师,上海·浦东新区
券妈妈优惠券网,8k-15k,经验1-3年 / 本科,"“千万用户,发展潜力大,高增长”",ASP.NET开发工程师,上海·浦东新区
微创,20k-35k,经验5-10年 / 本科,"“外企氛围,敏捷开发,云平台,车联网”",资深ASP.NET开发工程师(Azure),上海·浦东新区
菲霖科技,6k-10k,经验1-3年 / 大专,"“五险,待遇优厚,弹性时间,友好团队”",asp.net软件工程师,上海·浦东新区
92极呼,4k-5k,经验1-3年 / 大专,"“软件开发,产品经理”",asp.net开发,上海·浦东新区
赛越软件,4k-6k,经验不限 / 大专,"“MVC,API”",ASP.NET程序员,上海·浦东新区
西皇科技,8k-12k,经验3-5年 / 大专,“项目奖金、升职空间大”,asp.net c# MVC 程序员,上海·浦东新区
易车公司,15k-25k,经验3-5年 / 本科,"“上市公司,七险一金,各种车福利,汽车互联网”",JTZNYX-高级ASP.NET研发工程师,上海·浦东新区
中畅科技,6k-12k,经验1-3年 / 本科,“五险一金 旅游 丰富有趣的Team building”,Asp.net开发工程师,上海·浦东新区
华扬信息,4k-6k,经验1-3年 / 大专,“办公自由”,ASP.NET开发工程师,上海·浦东新区
pkpm,8K-12K,经验不限 / 本科,“五险一金，项目奖金”,asp.net高级开发工程师,上海·浦东新区
亿能网络,3k-5k,经验不限 / 大专,"“不限实习生,有人带”",C#/ASP.NET开发,上海·浦东新区
润阳贷,5k-7k,经验3-5年 / 大专,"“五险一金,餐饮补贴,年终奖金,带薪年假”",asp.net开发工程师,上海·浦东新区
恒生皖美,9k-18k,经验1-3年 / 不限,"“高空间,高福利,待遇优厚,红包多多”",ASP.Net研发工程师,上海·浦东新区
格鲁伯,8k-13k,经验3-5年 / 不限,"“氛围好,领导nic,弹性上下班”",ASP.net程序员,上海·浦东新区
便利蜂,15k-30k,经验3-5年 / 本科,"“新零售领域,创业公司,明星团队,带薪假期”",shell高级开发工程师,北京·中关村
尚善乐,8K-16K,经验3-5年 / 本科,“年度体检 绩效奖金薪资open 五险一金”,shell自动化测试,北京·中关村
开始吧,15k-30k,经验3-5年 / 本科,"“双休,五险一金,环境舒适,年终奖”",区块链开发,杭州·仓前
51信用卡管家,15k-30k,经验3-5年 / 本科,"“16薪起,六险一金,弹性工作,全员mac”",区块链开发,杭州·仓前
口袋理财,50k-80k,经验5-10年 / 本科,"“区块链,技术,产品,运营”",区块链项目负责人,杭州·仓前
小泰科技,15k-25k,经验1-3年 / 大专,“集团公司，不需要融资，CTO甲骨文”,区块链,杭州·仓前
博晨技术,20k-40k,经验3-5年 / 本科,"“弹性工作,行业前景好,全险全金”",区块链工程师,杭州·仓前
华尔街见闻,8k-16k,经验1-3年 / 本科,"“财经新媒体,成长空间大,扁平化管理,竞争力薪资”",区块链研究员,杭州·仓前
招银网络科技,15k-20k,经验1-3年 / 硕士,"“五险一金,年终奖,房贷补贴,员工体检”",区块链研发工程师,杭州·仓前
中化能源科技有限公司,30k-60k,经验3-5年 / 不限,"“央企背景,五险一金,免费三餐”",区块链开发工程师,杭州·仓前
日月同行,15k-30k,经验3-5年 / 大专,"“五险一金,节日福利,带薪年假”",高级Web开发工程师-区块链方向（15K以上）,杭州·仓前
星河互联集团,30k-50k,经验3-5年 / 本科,"“成长大,前沿项目”",技术总监-区块链,杭州·仓前
新软,15k-30k,经验3-5年 / 本科,"“行业领先,六险一金,机会多,妹子多”",区块链开发工程师,杭州·仓前
苏宁易购,25k-50k,经验3-5年 / 本科,“平台广阔 技术氛围较好”,区块链专家,杭州·仓前
腾讯,20k-40k,经验3-5年 / 本科,"“发展前景,大牛指导”",18425-区块链开发工程师,杭州·仓前
咔咔买房,20k-30k,经验1-3年 / 大专,"“绩效奖金,高额年终奖,企业期权,投资福利”",高级商务经理-区块链方向,杭州·仓前
英万公司,5k-10k,经验不限 / 本科,"“晋升空间大,带薪年假,法定节假日,五险一金”",区块链研究员,杭州·仓前
开始吧,20k-35k,经验5-10年 / 本科,"“双休,五险一金,环境舒适,年终奖”",架构师（区块链）,杭州·仓前
小泰科技,15k-30k,经验3-5年 / 本科,“五险一金双休 员工旅游 员工体检 员工关怀”,区块链工程师,杭州·仓前
日月同行,15k-30k,经验3-5年 / 大专,"“五险一金,餐补,节日福利,多次调薪”",高级Web开发工程师-区块链方向 15K以上,杭州·仓前
星河互联集团,15k-30k,经验3-5年 / 本科,“成长快，前沿项目”,产品经理-区块链,杭州·仓前
天天有余,15k-25k,经验1-3年 / 本科,"“五险一金,扁平化管理”",区块链工程师,杭州·仓前
点融网,24k-36k,经验3-5年 / 本科,"“大牛多,偏平管理,技术创新,有挑战”",资深软件开发工程师-区块链-SH6317,杭州·仓前
上海承泰信息科技股份公司,15k-30k,经验1-3年 / 本科,"“五险一金,带薪年假,餐补,交通补贴”",区块链工程师,杭州·仓前
红赢科技,20k-40k,经验3-5年 / 本科,"“科技创新,丰厚薪资,团建旅游,氛围极佳”",区块链工程师,杭州·仓前
万家乐科技,40k-80k,经验3-5年 / 本科,"“五险一金,定期体检,节假日福利,年终奖等”",区块链专家,杭州·仓前
51信用卡管家,15k-30k,经验3-5年 / 本科,"“16薪起,六险一金,弹性工作,全员mac”",区块链研发工程师,杭州·仓前
安兑_信砥信息科技,15k-30k,经验1-3年 / 本科,"“股票期权,发展空间大,技能培训,弹性工时”",区块链开发,杭州·仓前
上海善林金融信息服务有限公司,10k-20k,经验3-5年 / 本科,“最新最前沿的技术”,高级安全工程师/主管（区块链）,杭州·仓前
极客邦科技,8k-15k,经验不限 / 本科,"“高效团队,公开透明,技术大咖,六险一金”",技术编辑--区块链方向,杭州·仓前
华尔街见闻,8k-16k,经验1-3年 / 本科,"“财经新媒体,成长空间大,扁平化管理,竞争力薪资”",区块链记者,杭州·仓前
懂球帝,25k-50k,经验3-5年 / 不限,"“七险一金,年底长假,带薪年假,任性团建”",区块链工程师,杭州·仓前
红赢科技,20k-40k,经验3-5年 / 本科,"“科技创新,丰厚薪资,环境氛围佳,大牛带队”",Java开发工程师-区块链方向,北京·万柳
上海善林金融信息服务有限公司,35k-50k,经验5-10年 / 本科,“最新最前沿的技术”,区块链架构师（区块链）,北京·万柳
小泰科技,15k-30k,经验3-5年 / 大专,“五险一金 晋升空间大 股票期权”,区块链工程师,北京·万柳
星合金融科技,30k-50k,经验5-10年 / 本科,"“技术创新,有挑战,扁平管理”",区块链工程师,北京·万柳
平安科技,10k-15k,经验不限 / 本科,“世界500强 带薪年假 节日福利 绩效丰厚”,区块链高级研究员（上海）,北京·万柳
青墨科技,20k-40k,经验1-3年 / 本科,"“业内大咖,年轻氛围好,发展空间大,季度调薪”",区块链开发工程师,北京·万柳
Alading Bank,30k-50k,经验3-5年 / 本科,"“福利暖心,大牛云集,潜力无限”",区块链研究员,北京·万柳
第三石科技,15k-30k,经验1-3年 / 本科,“六险一金，浓厚的技术氛围，良好的发展前景”,区块链研发工程师,北京·万柳
原始空气,8k-10k,经验不限 / 本科,"“区块链研究,新领域,新机遇,前景好”",区块链研究员,北京·万柳
美的金融,20k-40k,经验5-10年 / 本科,"“五险一金,年假,平台,机遇”",区块链开发工程师,北京·万柳
新软,15k-25k,经验1-3年 / 本科,"“朝阳行业,区块链研发,行业领头羊,硬派技术”",高级区块链工程师,北京·万柳
网信集团,8k-16k,经验3-5年 / 本科,"“六险一金,弹性工作制,股票期权,饭补”",产品运营-区块链,北京·万柳
中国信通院,10k-20k,经验1-3年 / 硕士,"“五险一金,绩效奖金,餐补,房补,补充医疗”",区块链技术与评测工程师,北京·万柳
博晨技术,10K-20K,经验1-3年 / 硕士,"“股票期权,全险全金,区块链行业,行业前景好”",区块链研究员,北京·万柳
复杂美科技,25k-50k,经验3-5年 / 本科,"“五险一金,弹性工作制,项目奖金制,技术氛围好”",区块链底层开发工程师,北京·万柳
金源壹号,20k-30k,经验1-3年 / 不限,"“区块链,比特币,培训,讲师”",区块链讲师,深圳·南山区
U mine,10k-15k,经验1-3年 / 大专,"“期权激励,区块链公司,高福利”",区块链软件开发公司-UI设计师,深圳·南山区
新国都,13k-25k,经验3-5年 / 本科,“发展前景好 领导nice”,互联网产品经理（区块链方向）,深圳·南山区
能源区块链实验室,30k-60k,经验3-5年 / 本科,"“区块链,管理,中高”",区块链中高级工程师（以太坊）,深圳·南山区
微程鱼飞科技,10K-15K,经验3-5年 / 本科,“五险一金，绩效奖金，国家法定假日休息”,区块链高级工程师,深圳·南山区
三六五八网络科技,25k-50k,经验1-3年 / 本科,"“五险一金,14薪,创业公司”",区块链高级开发工程师,深圳·南山区
尘埃,12k-24k,经验不限 / 本科,“代币激励”,区块链算法工程师,深圳·南山区
苏州同济金融科技研究院,15k-30k,经验5-10年 / 本科,"“高成长空间,福利好”",区块链系统架构师,深圳·南山区
时刻送,28k-50k,经验不限 / 本科,"“有股份期权,每月都涨薪,团队硕博生,有鼓励师”",区块链项目开发工程师,深圳·南山区
现在支付,20k-40k,经验5-10年 / 本科,“五险一金+补充医疗、带薪年假、年度旅游”,资深工程师（区块链方向）,深圳·南山区
迅雷,30k-60k,经验5-10年 / 本科,"“前景好,福利好,空间大”",区块链后台开发,深圳·南山区
云未来区块链,20K-40K,经验3-5年 / 大专,"“区块链,互联网金融”",区块链开发工程师,深圳·南山区
微启通,8k-10k,经验1-3年 / 本科,"“区块链,区块链资讯”",【深圳】区块链资讯编辑,深圳·南山区
黑派科技,20k-40k,经验3-5年 / 硕士,"“大牛云集,领先行业,项目奖励”",区块链通证经济产品架构师,深圳·南山区
众享互联,10k-20k,经验3-5年 / 本科,"“带薪年假,午餐补助,通讯津贴,弹性工作”",项目经理（区块链方向）,深圳·南山区
现在支付,15k-30k,经验3-5年 / 本科,“五险一金+补充医疗、带薪年假、年度旅游”,高级工程师（区块链方向）,北京·展览路
优拜单车,15k-25k,经验3-5年 / 本科,“区块链”,区块链产品经理,北京·展览路
链牌 PokerLink,5K-10K,经验1-3年 / 大专,"“五险一金,带薪年假,高薪福利多,氛围嗨”",区块链—培训讲师,北京·展览路
上方传媒,6k-10k,经验不限 / 不限,“扁平化管理”,区块链记者,北京·展览路
慧能商务,25K-50K,经验3-5年 / 本科,“atmatrix连接人工智能和区块链”,资深区块链开发工程师,北京·展览路
探险青蛙,15k-20k,经验5-10年 / 本科,"“风口项目,福利好,发展空间大,团队气氛好”",HRM/招聘主管（区块链业务）,北京·展览路
福利小镇,15k-30k,经验3-5年 / 本科,"“股票期权,技术性公司,扁平化管理”",高级区块链开发工程师,北京·展览路
互联在线,15k-30k,经验3-5年 / 大专,"“提供午餐,股票期权,班车接送”",区块链技术人才,北京·展览路
星团文化,3k-6k,经验不限 / 不限,"“区块链,金融”",区块链编辑,北京·展览路
36氪,10k-15k,经验1-3年 / 本科,"“六险一金,开放办公,各类补助,带薪年假”",区块链新闻编辑,北京·展览路
捕手志,7k-14k,经验不限 / 本科,"“核心团队,积累资源,发展前景好,期权分红”",区块链记者,北京·展览路
永恒酷动,10k-20k,经验1-3年 / 本科,“高速发展”,区块链开发高级工程师,北京·展览路
中化能源科技有限公司,20k-35k,经验5-10年 / 本科,"“充分授权,管理简化,体制创新,目标导向”",Go语言开发工程师（区块链）,北京·展览路
OKCoin,15k-30k,经验3-5年 / 本科,"“区块链技术,行业领先,扁平化管理”",高级区块链产品经理,北京·展览路
京东集团,15k-30k,经验3-5年 / 本科,"“五险一金,福利班车,餐补,年底双薪”",区块链业务产品经理,北京·展览路
京东集团,15k-30k,经验3-5年 / 本科,"“五险一金,福利班车,餐补,年底双薪”",区块链业务产品经理,北京·大兴区
宝宝助手,10k-15k,经验1-3年 / 本科,"“区块链,C++,go”",后端开发工程师（区块链）,北京·大兴区
上海宏鹿信息技术服务有限公司,40k-60k,经验3-5年 / 大专,"“五险一金,绩效奖金,超级激励,年终奖”",区块链项目技术负责人,北京·大兴区
黑派科技,20k-40k,经验3-5年 / 本科,"“大牛云集,行业领先,项目奖励”",生产网络区块链系统研发工程师,北京·大兴区
潜力股,30k-40k,经验3-5年 / 本科,"“投资行业,区块链,培训机会,待遇好”",共识算法工程师（区块链）,北京·大兴区
悠爱公社,30k-50k,经验10年以上 / 本科,“股票期权”,区块链开发专家,北京·大兴区
上海中软华腾软件系统有限公司,25k-50k,经验5-10年 / 本科,“区块链 金融 技术专家”,区块链技术专家（金融）,北京·大兴区
华尔街见闻,8k-16k,经验1-3年 / 本科,"“财经新媒体,成长空间大,扁平化管理,竞争力薪资”",区块链APP推广专员,北京·大兴区
快乐格子,20k-40k,经验5-10年 / 本科,“高薪资”,区块链应用开发高级工程师/技术专家,北京·大兴区
中国信通院,15k-20k,经验3-5年 / 硕士,"“福利待遇好,大数据平台,发展空间大,管理”",区块链技术信息安全研究员,北京·大兴区
小米,30k-60k,经验3-5年 / 本科,"“大平台,牛人多,期权鼓励”",资深区块链开发工程师,北京·大兴区
DDEX,10k-15k,经验不限 / 本科,"“免费午晚餐,弹性工作,五险一金,地铁周边”",区块链分析师,北京·大兴区
日常网络,8k-15k,经验不限 / 本科,"“双休,早八晚五”",后端开发工程师（区块链）,北京·大兴区
美图公司,15k-25k,经验1-3年 / 本科,“上市公司”,区块链内容策划,北京·大兴区
起源天下,15k-25k,经验3-5年 / 本科,"“薪资待遇优,发展前景好,晋升空间大,弹性工作制”",区块链技术编程/开发工程师,北京·大兴区
果壳网,2k-4k,经验应届毕业生 / 本科,"“弹性工作,包三餐,成长空间,激情团队”",后端开发实习生,北京·百子湾
智课网,15k-30k,经验1-3年 / 本科,"“技术氛围浓,薪酬福利好,牛人多,美女多”",后端开发工程师,北京·百子湾
链家,20k-40k,经验1-3年 / 本科,“工作机会大，挑战大，弹性工作，带薪年假”,后端开发工程师-爬虫,北京·百子湾
顺丰科技有限公司,15k-30k,经验3-5年 / 本科,"“五险一金,员工旅游,弹性工作,项目奖金”",后端开发工程师,北京·百子湾
美团点评,25k-45k,经验3-5年 / 本科,"“大平台,牛人多,技术氛围好,发展前景好”",后端-基础架构高级研发工程师,北京·百子湾
英语流利说,20k-40k,经验3-5年 / 本科,"“硅谷风,n年终奖,私厨三餐,顶尖团队”",后端开发工程师,北京·百子湾
网龙网络有限公司,10k-14k,经验3-5年 / 本科,“前沿项目，技术挑战，弹性上班。”,后端开发其它,北京·百子湾
滴滴出行,20k-40k,经验3-5年 / 硕士,“六险一金，即将上市，未来的一站式出行平台”,后端开发其它,北京·百子湾
彼乐智慧,15k-25k,经验3-5年 / 本科,"“跨界学习,技术大牛,住房补贴,快速成长”",后端开发工程师,北京·百子湾
Edison Inc,15k-25k,经验1-3年 / 本科,"“BAT薪酬,硅谷B轮,有期权,氛围好”",后端研发工程师,北京·百子湾
阿希链,20K-40K,经验5-10年 / 本科,“福利待遇好，弹性工作”,后端开发工程师,北京·百子湾
理财范,10k-20k,经验3-5年 / 本科,"“奖金,氛围好,下午茶,弹性工作”",后端开发工程师,北京·百子湾
依图科技,15k-30k,经验1年以下 / 本科,"“公司前景好,弹性工作,工作氛围佳,牛人多”",后端开发工程师,北京·百子湾
AI考拉,10k-18k,经验1-3年 / 大专,"“发展空间大,福利待遇好,周末双休,股票期权”",后端开发工程师,北京·百子湾
样本通,15k-30k,经验3-5年 / 本科,"“牛人多,氛围轻松,团队靠谱,领导好”",后端开发工程师,北京·百子湾
果壳网,15k-30k,经验1-3年 / 本科,"“三餐,弹性工作时,七险一金,国外年会”",后端开发工程师,北京·百子湾
链家,20k-40k,经验1-3年 / 本科,“工作机会大，挑战大，弹性工作，带薪年假”,后端开发工程师-实时计算,北京·百子湾
商询科技,15k-25k,经验3-5年 / 本科,"“零食,地铁附近”",后端开发工程师,北京·百子湾
扇贝,11k-22k,经验1-3年 / 不限,"“15薪,福利好,团队棒,个人成长快”",后端开发工程师,北京·百子湾
雪球,15k-30k,经验1-3年 / 本科,"“六险一金,技术团队牛,免费午餐,氛围好”",后端开发工程师-基金,北京·百子湾
中移在线服务有限公司,15k-25k,经验3-5年 / 本科,"“五险一金,企业年金,带薪年假,话费餐补”",后端开发,北京·百子湾
云联万维,20k-40k,经验3-5年 / 本科,"“弹性工作,期权激励,绩效奖金,福利期权”",后端研发工程师,北京·百子湾
云享云,10k-20k,经验3-5年 / 大专,"“Go,C++,java”",后端开发工程师,北京·百子湾
时空娱乐,15k-25k,经验3-5年 / 本科,“公司前景好 开放式办公环境 扁平化管理”,后端开发工程师,北京·百子湾
钱通控股集团,7k-10k,经验1-3年 / 大专,"“提供午餐,转正交五险,单双轮休,带薪年假”",后端开发工程师,北京·百子湾
鱼泡泡,40k-55k,经验5-10年 / 本科,“全国最大的约玩平台”,后端开发经理,北京·百子湾
庖丁科技,9k-18k,经验3-5年 / 本科,"“五险一金,节日福利,电影票报销,无限零食等”",后端工程师,北京·百子湾
爱问医联,10k-15k,经验3-5年 / 本科,"“爱问医生,互联网医疗,五险一金,微博平台”",后端工程师,北京·百子湾
森亿智能,8k-16k,经验3-5年 / 本科,"“领导好,薪资福利好,工作氛围好,氛围好”",后端开发工程师,北京·百子湾
浙江冰峰,8k-12k,经验1-3年 / 本科,"“五险一金,绩效奖金,带薪年假,各种补贴”",后端开发工程师,北京·百子湾
金不换,4k-8k,经验1-3年 / 不限,"“加班少,工作氛围好,学习氛围好,福利好”",后端工程师,广州·永平
Finogeeks,15k-30k,经验3-5年 / 本科,"“金融科技,有挑战”",后端开发工程师（广州）,广州·永平
人马互动,10k-20k,经验3-5年 / 本科,"“创业公司,五险一金,技术大牛”",后端工程师,广州·永平
PingWest中文网,16k-32k,经验不限 / 不限,"“一线新媒体,PHP,竞争力薪酬,年轻团队”",后端开发工程师,广州·永平
动动,50k-70k,经验5-10年 / 本科,"“海外市场,六千万用户,股票期权”",后端技术负责人/技术总监,广州·永平
笃北科技,6k-8k,经验1-3年 / 本科,"“技术大佬,更新换代”",后端开发工程师你,广州·永平
应雄辈出,4K-8K,经验1-3年 / 不限,“Bat大牛带队”,后端,广州·永平
天津起越天成国际贸易有限公司,8k-15k,经验3-5年 / 本科,"“行业发展,五险双休,待遇高,公司前景”",APP后端开发,广州·永平
鑫津融时代,20k-30k,经验3-5年 / 本科,"“平台发展快,技术牛,薪酬高”",后端开发工程师,广州·永平
学格科技,10k-20k,经验1-3年 / 本科,"“免费午餐,大牛团队,弹性工作”",后端工程师,广州·永平
青核桃科技,15k-25k,经验3-5年 / 本科,"“扁平化,领导好,平台大,美女多”",后端开发工程师,广州·永平
阳辰科技,5k-7k,经验1-3年 / 本科,"“五险一金,双休”",后端工程师,广州·永平
北京君临谷中科技有限公司,15k-30k,经验3-5年 / 本科,"“弹性作息,扁平管理,硅谷文化,餐补”",后端工程师,广州·永平
少年商学院,9k-16k,经验3-5年 / 本科,"“在线教育,发展潜力,期权激励,扁平管理”",后端软件工程师,广州·永平
溢修瑜珈,8K-15K,经验1-3年 / 本科,“实体互联网的公司，创业阶段，后期可配股权”,后端工程师,广州·永平
金不换,4k-8k,经验1-3年 / 不限,"“待遇好,福利好,氛围好,学习氛围好”",后端开发工程师,广州·永平
乐奇互娱,10K-15K,经验1-3年 / 不限,“包吃包住~单休，”,后端开发,广州·永平
深感科技,10K-20K,经验不限 / 不限,“五险一金，带薪年假，下午茶，年终奖”,后端研发工程师,广州·永平
今日头条,20k-40k,经验3-5年 / 本科,“六险一金，弹性工作，免费三餐，租房补贴，休闲下午茶，扁平管理，健身瑜伽，过亿用户，职业大牛，晋升空间”,后端研发工程师-基础架构,广州·永平
智游啦,7k-14k,经验不限 / 本科,"“五险一金,带薪年假,工作午餐,午休床”",后端工程师,广州·永平
囧囧兔JoJoToo,10k-15k,经验1-3年 / 本科,"“模式好,氛围佳”",后端开发工程师,广州·永平
颗豆互动,10k-20k,经验1-3年 / 本科,"“绩效奖金,定期团建,就近房补”",后端工程师,广州·永平
首儿健康,10k-20k,经验1-3年 / 本科,"“弹性工作,高薪,长期激励”",后端工程师,广州·永平
范空间,15k-25k,经验3-5年 / 本科,"“高薪,高成长性,高绩效,狼性团队”",后端开发工程师,广州·永平
领希（深圳）科技有限公司,10k-20k,经验1-3年 / 大专,"“下午茶,五险一金,团队活动,弹性工作”",后端开发,广州·永平
橙智科技,12k-18k,经验1-3年 / 本科,"“弹性工作,期权奖励,热血青年”",后端开发工程师,广州·永平
广州请上座,10k-15k,经验1-3年 / 大专,"“扁平化管理,专业培训,弹性工作,晋升空间大”",后端开发工程师,广州·永平
联曼科技,15k-25k,经验1-3年 / 本科,"“超高薪酬,海外学习,出国旅游,项目奖金”",后端开发工程师,广州·永平
上海数巧,15k-20k,经验3-5年 / 本科,"“创新型产品,SaaS,期权”",后端开发工程师,广州·永平
柯基狗,12k-20k,经验1-3年 / 大专,"“弹性工作,福利待遇好,团队氛围好,工作环境好”",后端开发工程师,广州·永平
Veeva,25k-35k,经验5-10年 / 本科,"“纽交所上市,云计算,SaaS,生命科学”",高级后端工程师,北京·燕莎
大连骕派电子商务有限公司,5k-7k,经验1-3年 / 本科,"“五险一金,交通补助,餐补,带薪年假”",后端开发工程师,北京·燕莎
数联惠法,8k-15k,经验3-5年 / 本科,"“发展前景好,周末双休,平台好,弹性工作”",后端开发工程师,北京·燕莎
上海远译,7k-14k,经验1-3年 / 本科,"“五险一金,工作午餐,午休床,带薪年假”",后端工程师,北京·燕莎
松堡王国,10k-15k,经验3-5年 / 本科,"“项目多,平台好,晋升空间大,领导好”",后端开发工程师,北京·燕莎
中海融程,10K-18K,经验3-5年 / 本科,"“福利好,待遇好”",后端开发工程师,北京·燕莎
好未来,15k-30k,经验1-3年 / 本科,“大平台，在线教育，人工智能”,AI Lab-后端研发工程师,北京·燕莎
酷家乐,15k-25k,经验不限 / 不限,“一年两次加薪和奖金 行业第一 期权丰厚”,移动端后端开发工程师,北京·燕莎
筑证网络,8K-15K,经验3-5年 / 不限,"“极少加班,扁平化管理”",后端工程师,北京·燕莎
语忆科技,9k-12k,经验1-3年 / 本科,"“五险一金,团队氛围好,带薪年假,体检等福利”",后端工程师,北京·燕莎
金姆健康,6k-8k,经验3-5年 / 大专,"“Go,云服务器,Linux,数据库”",后端开发工程师,北京·燕莎
聚幂金融,8k-14k,经验1-3年 / 本科,“发展机会大”,后端开发,北京·燕莎
快牛金科,15k-30k,经验3-5年 / 本科,“BAT团队 YII2框架 高速发展期”,后端开发工程师,北京·燕莎
哈希网络,10k-15k,经验3-5年 / 不限,"“创业公司,领导好,弹性工作制,氛围和谐”",后端工程师,北京·燕莎
数美,25k-50k,经验3-5年 / 本科,"“大牛如云,海量数据,待遇给力,快速发展”",资深后端研发工程师,北京·燕莎
资通电脑,8k-12k,经验不限 / 不限,"“自有产品,智能制造”",后端开发工程师,苏州·东环路
乐有家,28K-40K,经验1-3年 / 本科,“创业平台，自由。有潜力。”,后端开发工程师,苏州·东环路
和汇立方科技,10k-15k,经验1-3年 / 本科,"“扁平管理,五险一金,快速成长”",后端开发工程师,苏州·东环路
专注于青少儿素质培训和赛事,15k-20k,经验3-5年 / 本科,"“福利待遇好,成长空间大,地铁周边”",后端开发工程师,苏州·东环路
苏州才客,10k-20k,经验3-5年 / 本科,"“好环境,优平台”",后端开发工程师,苏州·东环路
淘科技,8k-16k,经验1-3年 / 本科,"“员工福利多,时间合理,成长快”",后端开发工程师,苏州·东环路
Veeva,25k-35k,经验5-10年 / 本科,"“纽交所上市,云计算,SaaS,生命科学”",高级后端开发工程师,苏州·东环路
泽创天成,35k-45k,经验5-10年 / 本科,"“国家级项目,互联网医疗,早餐提供,不加班”",资深后端开发工程师,苏州·东环路
六道网,15k-30k,经验3-5年 / 本科,"“交通方便,环境好,福利好,美女多”",后端开发,苏州·东环路
尊贵科技,8k-15k,经验不限 / 不限,"“五险一金,周末双休,免费午餐,年底双薪”",后端开发工程师,苏州·东环路
芸品绿,15k-30k,经验3-5年 / 本科,"“成长空间,员工福利,交通补贴,五险一金”",后端开发工程师,苏州·东环路
魔鱼科技,20K-25K,经验1-3年 / 本科,“五险一金，发展潜力大，帅哥美女”,后端开发工程师,苏州·东环路
miswaytech,8k-16k,经验1-3年 / 本科,"“AI,语音翻译,氛围好,快速成长”",后端开发工程师,苏州·东环路
清南科技,7k-14k,经验1-3年 / 本科,"“清华,网红,资源,前景”",后端软件工程师,苏州·东环路
云天外,10K-18K,经验3-5年 / 本科,“有挑战”,后端开发工程师,苏州·东环路
小肚皮App,10k-20k,经验不限 / 本科,"“逗逼氛围,五险一金,年度旅游,餐补”",html5开发,北京·大望路
屈臣氏,12k-24k,经验3-5年 / 本科,"“大数据平台,千万级用户,试用期全薪,精英团队”",HTML5开发,北京·大望路
华海乐盈,10k-20k,经验3-5年 / 本科,"“弹性工作制,绩效奖金,五天八小时,带薪年假”",HTML5开发工程师,北京·大望路
轻推,7k-14k,经验3-5年 / 本科,"“团队有活力,团队扁平化,公司有实力”",html5,北京·大望路
瓦普时代,5k-7k,经验3-5年 / 大专,"“双休,五险一金,年底双薪,绩效奖金”",html5开发工程师,北京·大望路
智慧享联,15k-20k,经验3-5年 / 大专,“双休、过年放15天、自有健身房、买房打折”,html5,北京·大望路
纳联科技,6k-10k,经验1-3年 / 大专,“湖南最大H5创意传播公司”,HTML5,北京·大望路
X-MEN,8k-15k,经验1-3年 / 大专,"“项目奖金,五险一金,年终奖,发展空间大”",HTML5开发工程师,北京·大望路
瑞翼,10k-20k,经验3-5年 / 本科,"“五险一金,绩效奖金,年终多薪,高温补贴”",HTML5开发工程师,北京·大望路
大金科技,12k-24k,经验3-5年 / 大专,"“年终奖金,年假30天,提供食宿,机票报销”",HTML5开发工程师,北京·大望路
三七互娱,15k-20k,经验3-5年 / 本科,"“双休,新项目”",HTML5工程师,北京·大望路
雅其信息技术（上海）有限公司,12k-20k,经验1-3年 / 本科,“五险一金，年底双薪”,HTML5资深开发师,北京·大望路
Dict.cn海词正版词典专家,12k-20k,经验1-3年 / 本科,"“团队氛围好,福利多,10天年假”",HTML5开发工程师,北京·大望路
念响新媒体,8k-12k,经验1-3年 / 大专,"“年底奖金,带薪年假,五险一金,各种激励奖”",html5开发工程师,北京·大望路
悄悄科技,30k-50k,经验5-10年 / 本科,"“弹性上班,带薪假期,节日福利,薪酬高”",HTML5开发工程师,北京·大望路
鹏恺网络,10k-20k,经验1-3年 / 大专,"“五险一金,日常零食,期权股权,创业”",HTML5游戏Node.js开发工程师,北京·双桥
携程,15k-25k,经验3-5年 / 本科,"“优秀的创业团队,年度最高18薪”",HTML5（javascript/H5）,北京·双桥
未来商业实验室,8k-15k,经验1-3年 / 不限,"“办公环境佳,不打卡,国际舞台,带薪年假”",HTML5前端程序员,北京·双桥
美秒科技,4k-8k,经验不限 / 不限,“发展好、氛围棒、福利好、领导棒”,html5前端助理/实习生,北京·双桥
龙之少年,10k-15k,经验3-5年 / 大专,"“六险一金,带薪年假”",前端html5/web,北京·双桥
勤思敏行,6K-12K,经验1-3年 / 不限,“五险”,Web前端工程师（HTML5方向）,北京·双桥
传健堂,6k-12k,经验不限 / 不限,"“创业团队,半年旅游,每月聚餐,绩效奖金”",HTML5 Bootstrap 前端开发工程师,北京·双桥
中小企业发展【产业 互联网】,5k-10k,经验1-3年 / 大专,“组建核心团队期、客户企事业单位，你懂的”,web前端 网站前端 html5制作 H5,北京·双桥
鹏恺网络,10k-20k,经验1-3年 / 大专,"“五险一金,日常零食,期权股权,创业”",HTML5游戏前端开发工程师,北京·双桥
大金科技,12k-24k,经验3-5年 / 大专,"“年终奖金,年假30天,提供食宿,机票报销”",HTML5开发工程师,北京·双桥
大金科技,12k-24k,经验3-5年 / 大专,"“年终奖金,年假30天,提供食宿,机票报销”",HTML5 开发工程师,北京·双桥
大金科技,12k-24k,经验3-5年 / 大专,"“年终奖金,年假30天,提供食宿,机票报销”",HTML5开发工程师,北京·双桥
大金科技,12k-24k,经验3-5年 / 大专,"“年终奖金,年假30天,提供食宿,机票报销”",HTML5 开发工程师,北京·双桥
大金科技,12k-24k,经验3-5年 / 大专,"“年终奖金,年假30天,提供食宿,机票报销”",HTML5开发工程师 ,北京·双桥
大金科技,12k-24k,经验3-5年 / 大专,"“年终奖金,年假30天,提供食宿,机票报销”",HTML5 开发工程师,北京·双桥
美团点评,25k-45k,经验3-5年 / 本科,“期权股票，15.5薪资，6险一金，班车”,高级 Android 开发工程师/技术专家,北京·望京
爱奇艺,30k-45k,经验3-5年 / 本科,“弹性工作，六险一金。”,资深Android开发,北京·望京
重庆易宠科技有限公司,8k-10k,经验1-3年 / 本科,"“周末双休,五险一金,带薪年假,福利多多”",安卓开发工程师,北京·望京
平安证券,20k-30k,经验3-5年 / 本科,“发展好”,Android高级开发工程师（互联网金融）,北京·望京
武汉佰钧成技术有限公司,8k-16k,经验1-3年 / 本科,“五险一金，商业保险，年度体检”,Android,北京·望京
百度,15k-30k,经验1-3年 / 本科,"“平台大,机会多”",Android研发工程师,北京·望京
泛微,10k-15k,经验1-3年 / 本科,"“五险一金,员工旅游,免费三餐,生日福利”",Android开发工程师,北京·望京
易乎社区,9k-13k,经验1-3年 / 本科,"“公司环境好,项目好,团队氛围好”",Android工程师,北京·望京
递易,9k-18k,经验3-5年 / 本科,"“大平台,氛围好,成长快,项目多”",Android工程师,北京·望京
互递postalong,6k-12k,经验不限 / 大专,"“可海外工作,薪资可面议”",android工程师,北京·望京
斯诺物联,6k-12k,经验1-3年 / 本科,"“月季度奖金,周末双休,定期旅游,节假日福利”",Android开发工程师,北京·望京
孩子王,15k-30k,经验3-5年 / 本科,“五险一金、节假日福利、周末双休”,Android高级工程师（上海）,北京·望京
动因体育,25k-35k,经验5-10年 / 大专,"“五险一金,带薪年假,弹性工作制,领导专业”",Android开发工程师,北京·望京
TutorABC英语,15k-30k,经验3-5年 / 本科,“弹性工作、技术氛围好、管理扁平”,android开发工程师,北京·望京
捷通华声,15k-25k,经验3-5年 / 本科,“人工智能、项目奖金、半年调薪、晋升空间大”,高级Android开发工程师,北京·望京
美团点评,20k-40k,经验3-5年 / 本科,"“核心业务,靠谱团队,牛人聚集”",商超生鲜-高级Android开发工程师/专家,北京·朝阳区
新浪微博,20k-30k,经验3-5年 / 本科,“大前端vue解决方案（h5、ios、Android）”,Android开发工程师,北京·朝阳区
畅聊天下,20k-30k,经验3-5年 / 本科,"“公司发展快,薪资福利高,健身房”",Android资深开发工程师,北京·朝阳区
阿拉丁信息科技,10k-18k,经验3-5年 / 大专,"“福利好,活动多,零食多,年终奖”",Android软件工程师,北京·朝阳区
信息发展,8k-16k,经验3-5年 / 大专,"“上市公司,项目多”",Android开发工程师,北京·朝阳区
翼课网,10k-18k,经验1-3年 / 本科,"“大牛带飞,年假递增,试用期全薪”",Android研发工程师,北京·朝阳区
爱奇艺,20k-40k,经验3-5年 / 本科,“可年后入职、团队氛围好、福利好、12天年假”,资深/高级Android开发工程师,北京·朝阳区
环球黑卡,10k-20k,经验3-5年 / 大专,"“公司盈利,不打卡,扁平结构,从0-1”",Android开发工程师,北京·朝阳区
摩尔妈妈,20k-40k,经验1-3年 / 本科,"“氛围轻松,成长空间大,年终奖”",Android工程师,北京·朝阳区
红赢科技,15k-30k,经验3-5年 / 本科,"“极客氛围,薪资优厚”",Android开发工程师,北京·朝阳区
UTGAME,15k-25k,经验3-5年 / 不限,"“游戏,ios,安卓,开发”",android开发工程师,北京·朝阳区
家园网,15k-25k,经验3-5年 / 本科,"“股票期权,绩效奖金”",Android工程师,北京·朝阳区
斗鱼直播,10k-18k,经验3-5年 / 本科,“机会多，福利好”,Android/IOS开发工程师,北京·朝阳区
海马玩,20k-35k,经验5-10年 / 本科,"“平台好,技术氛围好”",高级Android工程师,北京·朝阳区
百视通,15k-20k,经验3-5年 / 本科,"“五险二金,带薪年假,带薪病假”",Android研发工程师,北京·朝阳区
美团点评,20k-40k,经验3-5年 / 本科,“大牛团队”,Android高级工程师,北京·朝阳区
腾讯,18k-36k,经验3-5年 / 本科,"“大平台,云趋势”",腾讯云Android高级研发工程师,北京·朝阳区
杭州溜达,15k-25k,经验5-10年 / 本科,“全额公积金、节日福利、双休、快速发展”,Android开发工程师,北京·朝阳区
泛微,10k-15k,经验1-3年 / 本科,"“上市公司,美味三餐,行业领先,员工旅游”",安卓开发工程师,北京·朝阳区
零零无限,8k-16k,经验不限 / 本科,"“技术氛围好,办公环境赞,五险一金,股票期权”",Android开发工程师,北京·朝阳区
众链云,6k-12k,经验1-3年 / 本科,"“气氛活跃,周末双休,五险一金”",Android,北京·朝阳区
寻宝天行,15k-30k,经验1-3年 / 本科,"“福利待遇好,六险一金,发展好,固定涨薪”",Android开发工程师,北京·朝阳区
赐云网络,15k-20k,经验3-5年 / 本科,"“办公环境佳,型男靓女,福利待遇好,发展空间大”",安卓工程师,北京·朝阳区
智融集团,20k-40k,经验3-5年 / 本科,“大牛云集、上升空间、六险一金、发展快速”,高级Android开发工程师,北京·朝阳区
小站教育,15k-25k,经验3-5年 / 本科,"“发展平台好,薪资待遇好,办公环境,节日福利多”",安卓工程师,北京·朝阳区
挖财,15k-25k,经验3-5年 / 本科,"“公司福利好,团队氛围佳”",资深Android开发工程师-杭州-00005,北京·朝阳区
世纪高通,4k-7k,经验1-3年 / 本科,"“团队好,福利好,领导好,发展好”",Android开发工程师,北京·朝阳区
掌门1对1在线教育,15k-25k,经验5-10年 / 本科,"“C+轮,团队氛围,在线教育,晋升通道”",安卓/Android,北京·朝阳区
钛马车联网,7k-12k,经验3-5年 / 本科,"“五险一金,带薪年假,项目奖金,节日福利”",Android开发工程师,北京·朝阳区
星合金融科技,15k-30k,经验1-3年 / 本科,"“扁平化管理,不打卡,环境好,大牛多”",Android开发工程师,北京·朝阳区
美团点评,25k-50k,经验3-5年 / 本科,“期权股票，15.5薪，6险一金，班车”,高级 Android 开发工程师/技术专家,北京
360,20k-35k,经验3-5年 / 本科,“五险一金、补充医疗、免费三餐”,android方向-测试开发工程师,北京
平安产险,20k-40k,经验5-10年 / 本科,"“世界500,发展空间大,福利待遇好”",移动终端研发工程师-IOS/Android,北京
爱奇艺,25k-35k,经验3-5年 / 本科,“专业 氛围好 12天年假”,资深android开发工程师-,北京
宜信,15k-25k,经验5-10年 / 本科,"“行业top,加班少,六险一金,团队氛围好”",android开发,北京
小狗机器人,20k-40k,经验3-5年 / 本科,"“带薪年假,弹性时间,定期团建”",Android开发工程师,北京
高品科技,6k-10k,经验1-3年 / 不限,"“轻松,带薪休假,节日礼物,节日福利”",Android工程师,北京
飞语 云通讯,15k-20k,经验不限 / 大专,"“前景可观,氛围融洽,福利优渥”",Android开发工程师,北京
风铃软件,6k-11k,经验1-3年 / 本科,“五险一金，弹性上班”,Android开发,北京
大器科技,15k-20k,经验3-5年 / 不限,"“发展空间大,专注产品,公司稳定”",Android 开发工程师,北京
美人信息,7k-10k,经验1-3年 / 本科,“亿级用户App、团队气氛好、扁平化管理”,Android开发工程师,北京
飞贷金融,6k-9k,经验1-3年 / 大专,"“弹性工作,五险一金”",Android开发工程师,北京
盈盈理财,15k-30k,经验3-5年 / 本科,“福利待遇好、技术氛围浓、大牛多、环境赞”,资深iOS/Android开发,北京
广州玖维信息科技有限公司,3k-5k,经验1年以下 / 大专,"“周末双休,五险一金,节日福利,房补餐补”",Android软件开发工程师,北京
众链云,6k-12k,经验1-3年 / 本科,"“气氛活跃,发展空间大,五险一金”",Android开发,北京
美团点评,25k-40k,经验5-10年 / 本科,"“O2O,技术大牛”",Android技术专家,北京·望京
WAWA.FM,8k-10k,经验1-3年 / 不限,"“弹性工作,文艺活跃”",Android开发工程师,北京·望京
广州玖维信息科技有限公司,3k-5k,经验1年以下 / 大专,"“周末双休,五险一金,下午茶,提供食宿”",Android软件开发,北京·望京
OPPO,15k-30k,经验3-5年 / 本科,“海景办公 飞速发展 给力年终”,Android系统工程师,北京·望京
小肚皮App,5k-10k,经验1年以下 / 本科,"“逗逼氛围,五险一金,年度旅游,餐补”",初级或应届Android,北京·望京
悄悄科技,30k-50k,经验5-10年 / 本科,"“弹性工作,带薪假期,节日福利,薪酬高”",Android开发工程师,北京·望京
知网,8k-12k,经验1-3年 / 本科,“大平台发展，技术大牛，五险二金”,Android研发工程师,北京·望京
圆通,15k-25k,经验3-5年 / 大专,“上市公司，前景好，氛围好，待遇好”,Android,北京·望京
大器科技,15k-20k,经验3-5年 / 不限,"“发展空间大,专注产品,公司稳定”",Android,北京·望京
阿拉丁信息科技,12k-18k,经验3-5年 / 本科,“五险一金”,Android开发工程师,北京·望京
Keep,15k-30k,经验1-3年 / 本科,"“技术大牛多,个人发展快,年中奖金,股票期权”",Android 开发工程师,北京·望京
快看漫画,20k-35k,经验3-5年 / 本科,"“空间大,七险一金,扁平化管理,双休”",资深/高级Android工程师,北京·望京
好大夫在线,15k-30k,经验不限 / 本科,"“大公司,大平台,发展机会多,氛围好”",Android工程师,北京·望京
申缔,15k-20k,经验3-5年 / 本科,"“团队氛围好,产品前景好,每月绩效奖,各种福利多”",android开发工程师,北京·望京
武汉佰钧成技术有限公司,9k-15k,经验3-5年 / 本科,"“六险一金,弹性时间,带薪休假,晋升空间大”",安卓开发工程师,北京·望京
美团点评,15k-30k,经验5-10年 / 本科,"“核心部门,平台大,待遇优,发展空间大”",钱包业务-高级iOS开发工程师,北京·望京
广州玖维信息科技有限公司,3k-5k,经验1年以下 / 大专,"“周末双休,五险一金,节日福利,房补餐补”",iOS软件开发工程师,北京·望京
不背单词,18k-30k,经验3-5年 / 本科,“五险一金；期权激励；租房补助；10天年假”,iOS,北京·望京
钛马车联网,9k-13k,经验3-5年 / 本科,"“五险一金,带薪年假,项目奖金,节日福利”",iOS开发工程师,北京·望京
骏嘉财通,8k-12k,经验3-5年 / 本科,"“绩效加薪,员工旅游,提供住宿,节日福利”",IOS研发工程师,北京·望京
宜信,30K-60K,经验5-10年 / 本科,"“1-6奖金,六险一金,弹性工作制,14天带薪”",iOS开发,北京·望京
高济医疗,15k-30k,经验3-5年 / 本科,"“新零售,资本雄厚,BAT大拿”",ios开发工程师,北京·望京
诺普信,13k-20k,经验3-5年 / 本科,"“5个月奖金,4次调薪,股权期权,地铁周边”",IOS开发工程师,北京·望京
中焯信息,8k-16k,经验1-3年 / 不限,"“五险一金,下午茶,期权鼓励,两次旅游”",iOS开发工程师,北京·望京
万威,8k-15k,经验3-5年 / 本科,"“绩效奖金,年终奖金,餐补,弹性工作”",IOS开发工程师,北京·望京
京东集团,15k-25k,经验3-5年 / 本科,"“大平台,机会多,待遇好,晋升快”",IOS开发工程师,北京·望京
深圳优启科技有限公司,8k-12k,经验1-3年 / 本科,"“晋升机会多,发展空间大,福利待遇好,弹性工作”",IOS开发工程师,北京·望京
腾讯,20k-40k,经验3-5年 / 本科,"“平台大,成长快”",19332-企业产品iOS开发工程师(上海),北京·望京
啊哈星球,8k-12k,经验1-3年 / 本科,"“弹性工作,五险一金,有挑战性”",初级IOS研发工程师,北京·望京
EC,15k-25k,经验3-5年 / 本科,"“腾讯系,精英团队,福利优越,培训机会”",iOS开发工程师,北京·望京
洲华,15k-30k,经验3-5年 / 本科,"“精英团队,期权回报,明星CEO,创业机会”",IOS 开发工程师,杭州·文三路
递易,8k-12k,经验1-3年 / 本科,"“五险一金,餐补,节日福利”",IOS开发工程师,杭州·文三路
360,20k-35k,经验3-5年 / 本科,“五险一金、补充医疗、免费三餐”,ios方向-测试开发工程师,杭州·文三路
斯诺物联,6k-12k,经验1-3年 / 本科,“月季度奖金、节日福利、员工旅游、年终奖”,iOS开发工程师,杭州·文三路
腾讯,20k-40k,经验3-5年 / 本科,“大平台、高福利”,iOS高级开发工程师,杭州·文三路
爱奇艺,20k-35k,经验3-5年 / 本科,“12天带薪年假 福利好 领导好 上升空间大”,IOS高级工程师,杭州·文三路
哈罗单车,13k-25k,经验3-5年 / 大专,“年底双薪”,ios,杭州·文三路
小狗在家,15k-25k,经验3-5年 / 本科,“股权期权、可带宠物上班、团队氛围好”,IOS,杭州·文三路
快看漫画,20k-35k,经验3-5年 / 本科,"“双休,七险一金,扁平化管理,空间大”",资深/高级iOS工程师,杭州·文三路
趣玩网,15k-20k,经验3-5年 / 本科,"“核心团队,发展空间,福利完善,弹性工作”",iOS开发工程师,杭州·文三路
手趣,8k-15k,经验1-3年 / 大专,"“周末双休,六险一金,年底双薪,包工作餐”",高级IOS工程师,杭州·文三路
Alpha Mobile,15k-25k,经验1-3年 / 本科,"“行业大牛,顶尖团队,工作挑战大,发展空间大”",iOS,杭州·文三路
平安科技,15k-30k,经验不限 / 本科,“500强企业，福利好，绩效奖金丰厚”,资深IOS开发工程师（深圳）,杭州·文三路
传影科技,10k-14k,经验1-3年 / 本科,"“周末双休,带薪年假,旅游体检,五险年终奖”",ios开发工程师,杭州·文三路
东怡源,10k-15k,经验3-5年 / 大专,"“五险,员工旅游,定期体检,包吃包住”",IOS,杭州·文三路
网龙网络有限公司,8k-13k,经验1-3年 / 本科,"“薪资福利好,办公环境好,晋升机制好,技术牛人多”",IOS开发工程师,苏州·独墅湖
圆通,10k-20k,经验1-3年 / 本科,“上市公司，免费健身房，免费电影院”,IOS研发工程师,苏州·独墅湖
骏嘉财通,8k-15k,经验3-5年 / 本科,"“五险一金,提供住宿,节日福利,绩效加薪”",IOS开发工程师,苏州·独墅湖
无忧帮帮,9k-15k,经验3-5年 / 大专,"“五险一金,双休,期权,发展空间大”",IOS开发工程师,苏州·独墅湖
中再融,10k-15k,经验3-5年 / 大专,“福利高，待遇好，下午茶，工作餐，交通便利”,iOS工程师,苏州·独墅湖
智冠,10k-20k,经验3-5年 / 本科,"“八险一金,交补话补,零食饮料,双休年假”",IOS开发工程师,苏州·独墅湖
名医传世,8k-15k,经验1-3年 / 本科,“双休！活动多！福利好！发展前景优！”,iOS工程师,苏州·独墅湖
腾讯,15k-25k,经验5-10年 / 本科,“腾讯大平台，公司级项目”,高级iOS开发工程师（北京）,苏州·独墅湖
中科国际,4k-7k,经验3-5年 / 本科,"“五险一金,餐补,年终奖,定期体检”",ios工程师,苏州·独墅湖
广州奇志科技,10k-20k,经验1-3年 / 本科,"“新技术,有挑战,无人机,飞行代码”",iOS工程师,苏州·独墅湖
东信北邮,5k-10k,经验不限 / 不限,"“五险一金,带薪休假,年终奖金,绩效奖金”",IOS研发工程师,苏州·独墅湖
科大讯飞,10k-20k,经验5-10年 / 本科,“技术大牛 上市公司 五险一金 人工智能”,IOS开发工程师,苏州·独墅湖
灵机文化,7k-10k,经验1年以下 / 大专,“大牛导师 快速成长 弹性上班 丰富团建”,iOS开发工程师,苏州·独墅湖
全民彩,10k-15k,经验3-5年 / 本科,"“薪资福利棒,团队氛围好,年轻有活力,扁平化管理”",IOS开发工程师,苏州·独墅湖
中移在线服务有限公司,10k-20k,经验3-5年 / 本科,“扁平化管理”,iOS开发工程师,苏州·独墅湖
智安天使科技,7k-8k,经验1-3年 / 大专,"“周末双休,五险一金,高温补贴,节假日福利”",IOS开发工程师,广州·天河区
经传多赢,10k-16k,经验1-3年 / 大专,"“高效,快速晋升”",iOS工程师,广州·天河区
快手,30k-60k,经验5-10年 / 本科,"“奖金期权,技术氛围好,免费午晚餐,免费健身房”",资深iOS开发工程师,广州·天河区
Keep,15k-30k,经验1-3年 / 本科,"“技术大牛多,个人发展快,年终奖金,股票期权”",iOS 开发工程师,广州·天河区
一闪,15k-25k,经验不限 / 不限,“MacBook Pro，23寸显示器”,iOS 工程师,广州·天河区
方付通,15k-30k,经验3-5年 / 本科,“薪资优待 福利完善”,IOS,广州·天河区
聚鹏,8k-12k,经验1年以下 / 本科,“五险一金、高薪待遇、环境轻松、年度旅游”,IOS开发工程师,广州·天河区
锦峰,10k-20k,经验3-5年 / 大专,"“临近地铁,部门美女多,周末双休”",IOS开发工程师,广州·天河区
搜于特信息科技,8k-16k,经验3-5年 / 大专,"“上市公司,股权激励,周末双休,集体活动”",IOS开发工程师,广州·天河区
誉存科技,8k-15k,经验3-5年 / 本科,“一流的技术团队，扁平化，弹性工作”,iOS,广州·天河区
步云科技,6k-10k,经验1-3年 / 大专,“初创团队，升职机会多，五险”,iOS,广州·天河区
Daily2fun,10k-20k,经验3-5年 / 本科,"“周末双休,五险一金,弹性工作,年底奖金”",IOS开发,广州·天河区
美团点评,30k-50k,经验3-5年 / 本科,"“业务前景好,发挥空间大,团队氛围好”",资深iOS开发工程师/架构师,广州·天河区
乐播科技,18k-28k,经验5-10年 / 本科,"“五险一金,股权分红,餐补车补”",iOS开发工程师,广州·天河区
酱游科技,6k-9k,经验1-3年 / 本科,"“周末双休,带薪年假,年度旅游”",IOS研发工程师,广州·天河区
趣橙科技,4k-8k,经验1-3年 / 大专,"“每年调薪,弹性上下班,年度旅游,股票期权”",iOS开发工程师,武汉·光谷
翼课网,20k-30k,经验3-5年 / 本科,“弹性办公、水果餐补、团队优秀、试用期全薪”,高级IOS研发工程师,武汉·光谷
聚酷科技,4k-8k,经验1-3年 / 大专,"“双休,五险一金,公司旅游,弹性工作”",IOS开发工程师,武汉·光谷
美图公司,18k-30k,经验3-5年 / 本科,"“高成长,多福利,多年终”",高级IOS开发工程师,武汉·光谷
腾讯,20K-40K,经验不限 / 本科,“公司重点项目”,SNG微视iOS工程师,武汉·光谷
惠龙易通,10k-20k,经验3-5年 / 大专,"“五险一金,免费住宿,免费班车”",高级IOS开发工程师,武汉·光谷
中浦天投,15k-25k,经验3-5年 / 本科,"“技术好,薪资高,团队好,等你来”",IOS开发工程师,武汉·光谷
宝宝巴士,6k-12k,经验不限 / 不限,"“扁平化管理,大平台”",iOS开发工程师,武汉·光谷
货圈全,15k-20k,经验3-5年 / 本科,"“蓝海行业,期权奖励,绩效奖励,各项福利”",IOS工程师,武汉·光谷
斑马快跑,10k-15k,经验3-5年 / 本科,“办公环境优美，参照北上广的互联网薪资标准”,iOS,武汉·光谷
蛋解传媒,8k-12k,经验3-5年 / 本科,"“五险一金,前沿产业,优越办公”",ios开发工程师,武汉·光谷
洋钱罐,20k-35k,经验3-5年 / 本科,"“技术大牛多,技术驱动型,补充医疗,午餐晚餐”",中级iOS工程师,武汉·光谷
今日头条,20k-40k,经验1-3年 / 本科,“六险一金，三餐免费，弹性工作，租房补贴”,IOS开发工程师,武汉·光谷
ivtime,12k-24k,经验3-5年 / 本科,"“弹性工作制,优厚福利,带薪年假,学习机会”",iOS开发工程师,武汉·光谷
广东乐心,15k-20k,经验3-5年 / 本科,"“扁平化管理,团队优秀,上市公司,发展机会多”",ios开发工程师,武汉·光谷
